"","metab","gene","BPO","Leukemia"
"1","(p-Hydroxyphenyl)lactic acid","TYMS",0.868942528972212,-0.828571428571429
"2","anthranilic acid","SUZ12",0.604395604395604,-0.985610760609162
"3","citric acid","ZPBP",-0.731868131868132,0.771428571428571
"4","DL-cystathionine","ZRSR2",0.657142857142857,-0.869656553478673
"5","DL-cystathionine","PM20D1",-0.441758241758242,0.927633657043918
"6","DL-cystathionine","KY",-0.305494505494505,0.811679449913428
"7","glutamic acid","CCDC71L",-0.767032967032967,0.828571428571429
"8","glutamine","FGF16",0.569230769230769,-0.942857142857143
"9","glycerol","SPAG1",-0.476923076923077,1
"10","glycerol","ZNF259P1",-0.629263307073198,0.942857142857143
"11","glycerol","LOC100652999",0.215621692633473,-0.771428571428571
"12","gulono-1,4-lactone","VWA8",0.766011880722713,-0.646843158815382
"13","gulono-1,4-lactone","ADAMTSL4",-0.766011880722713,0.57681790368297
"14","histidine","CYC1",-0.652747252747253,0.828571428571429
"15","histidine","DLG4",0.674725274725275,-0.927633657043918
"16","histidine","CUL4A",0.626373626373626,-0.828571428571429
"17","histidine","RASL11A",-0.431243385266947,0.885714285714286
"18","inositol 1-phosphate","SMARCC1",-0.134065934065934,-0.942857142857143
"19","inositol 1-phosphate","CAPZA2",-0.0901098901098901,0.942857142857143
"20","inositol 1-phosphate","PEPD",0.652747252747253,-0.828571428571429
"21","inositol 1-phosphate","AP1S1",-0.595604395604396,0.942857142857143
"22","inositol 1-phosphate","NBEAL2",-0.305494505494505,0.942857142857143
"23","inositol 1-phosphate","ZBTB18",0.397802197802198,-1
"24","inositol 1-phosphate","GSTK1",-0.485714285714286,1
"25","inositol 1-phosphate","SPRY4",-0.287912087912088,1
"26","inositol 1-phosphate","TBC1D2",0.459340659340659,1
"27","inositol 1-phosphate","HSD3B7",-0.375824175824176,1
"28","inositol 1-phosphate","SELM",-0.292307692307692,0.942857142857143
"29","inositol 1-phosphate","SOCS4",0.468131868131868,-0.885714285714286
"30","inositol 1-phosphate","RNF216",-0.336263736263736,1
"31","inositol 1-phosphate","CD59",0.0176017708272223,1
"32","inositol 1-phosphate","ITGB2-AS1",0.52967032967033,-0.942857142857143
"33","inositol 1-phosphate","MGAT4A",0.428571428571429,-0.942857142857143
"34","inositol 1-phosphate","FBXW8",0.0021978021978022,1
"35","inositol 1-phosphate","RNF150",0.49010989010989,-0.942857142857143
"36","inositol 1-phosphate","FCRLB",-0.569857330531322,0.885714285714286
"37","inositol 1-phosphate","NHLRC3",0.534065934065934,-0.942857142857143
"38","isoleucine","DLG4",0.665934065934066,-0.985610760609162
"39","leucine","DLG4",0.78021978021978,-0.927633657043918
"40","malic acid","FSCN1",-0.745054945054945,0.942857142857143
"41","malic acid","PRPF40B",0.692307692307692,-0.771428571428571
"42","malic acid","FAM174B",0.828571428571429,-1
"43","mannose","CCDC91",0.902878556817261,-0.654653670707977
"44","phosphate","NBEAL2",-0.432967032967033,1
"45","phosphate","ZBTB18",0.679120879120879,-0.942857142857143
"46","phosphate","TRADD",-0.515419752518916,0.942857142857143
"47","phosphate","PDZD4",-0.629145204628165,0.771428571428571
"48","X-3016","NELL2",0.309950204240579,-0.788893491655541
"49","X-3016","GPKOW",0.0344010458076891,-0.845154254728517
"50","X-3016","TFF1",-0.309609412269202,-0.845154254728517
"51","X-3016","TNNT3",0.447213595499958,-0.845154254728517
"52","X-3016","UPK2",-0.378828027405152,0.845154254728517
"53","X-3016","IFNA4",0.0344010458076891,-0.845154254728517
"54","X-3016","CDC14A",0.240807320653823,-0.845154254728517
"55","X-3016","TP63",-0.10331673474686,-0.845154254728517
"56","X-3016","DLAT",0.37841150388458,-0.857492925712544
"57","X-3016","MFAP5",0.447213595499958,-0.777541914350235
"58","X-3016","ASPHD1",0.378828027405152,-0.777541914350235
"59","X-3016","APPBP2",-0.310979372111562,-0.857492925712544
"60","X-3016","ATXN8OS",-0.0344389115822866,-0.845154254728517
"61","X-3016","PRDM2",0.447705850569725,-0.845154254728517
"62","X-3016","PRR15L",-0.344389115822866,-0.845154254728517
"63","X-3016","CALML5",-0.172384513355746,-0.845154254728517
"64","X-3016","TMEM254",-0.240807320653823,0.845154254728517
"65","X-3016","BAALC",-0.103203137423067,0.845154254728517
"66","X-3016","ZFYVE1",-0.447213595499958,0.777541914350235
"67","X-3016","C8orf82",-0.447213595499958,0.845154254728517
"68","X-3016","DNLZ",-0.309609412269202,0.845154254728517
"69","X-3016","CHIC1",-0.447213595499958,0.845154254728517
"70","X-3016","LINC00116",-0.447213595499958,0.845154254728517
"71","X-3016","BZRAP1-AS1",-0.240807320653823,0.845154254728517
"72","X-3016","GRAMD2",0.0344010458076891,0.845154254728517
"73","X-3016","TMEM155",-0.447213595499958,0.845154254728517
"74","X-3016","PCDHB19P",0.448695256971052,-0.845154254728517
"75","X-3016","ZFHX2",-0.447213595499958,0.845154254728517
"76","X-3016","LOC100288911",-0.378828027405152,0.857492925712544
"77","X-3016","FAM91A1",-0.309609412269202,0.845154254728517
"78","X-3016","LOC100996671",-0.447213595499958,0.845154254728517
"79","X-3016","OOEP",-0.37841150388458,0.845154254728517
"80","X-3016","RC3H2",-0.309609412269202,0.845154254728517
"81","X-3016","DYNLL2",-0.37841150388458,0.845154254728517
"82","X-3016","C5orf51",-0.103203137423067,-0.845154254728517
"83","X-3016","FAM81A",-0.378828027405152,0.857492925712544
"84","X-3074","GNB2",-0.180310473437883,0.819688599970537
"85","X-3074","COL6A3",0.203975106747786,0.94112394811432
"86","X-3074","IER3",-0.0576993515001225,0.819688599970537
"87","X-3074","PEX19",-0.0757303988439108,0.94112394811432
"88","X-3074","PCOLCE",-0.0252434662813036,0.94112394811432
"89","X-3074","DENND4B",-0.259647081750551,0.819688599970537
"90","X-3074","FPGS",-0.281284338563097,-0.819688599970537
"91","X-3074","CEBPZ",0.0324558852188189,-0.94112394811432
"92","X-3074","TBC1D4",-0.119004912469003,-0.94112394811432
"93","X-3074","TAF6",-0.468807230938495,0.94112394811432
"94","X-3074","DFNA5",0.12261112193776,0.880406274042429
"95","X-3074","TMEM5",-0.385864413157069,0.94112394811432
"96","X-3074","GPC4",-0.0757303988439108,-0.94112394811432
"97","X-3074","NCAN",0.176704263969125,-0.94112394811432
"98","X-3074","REEP2",-0.0649117704376378,0.94112394811432
"99","X-3074","C5",-0.234661627231966,-0.94112394811432
"100","X-3074","SDS",0.227191196531732,-0.954863710632231
"101","X-3074","ITIH3",-0.165885635562852,0.954863710632231
"102","X-3074","BIK",0.0396683041563342,-0.57681790368297
"103","X-3074","PIP",0.50847553509483,-0.880406274042429
"104","X-3074","OPRL1",-0.010818628406273,-0.94112394811432
"105","X-3074","SNUPN",0.346196109000735,-0.819688599970537
"106","X-3074","KLRC3",0.468807230938495,-0.698253251826754
"107","X-3074","TSNAX-DISC1",-0.385864413157069,-0.94112394811432
"108","X-3074","ATG13",-0.12261112193776,-0.94112394811432
"109","X-3074","APOBEC3C",0.119004912469003,0.819688599970537
"110","X-3074","NTHL1",0.0252434662813036,-0.94112394811432
"111","X-3074","AIMP2",0.158673216625337,-0.94112394811432
"112","X-3074","CCL19",0.191129101844156,-0.94112394811432
"113","X-3074","SPAG1",0.00360620946875766,0.94112394811432
"114","X-3074","MTX1",-0.205553939719186,0.94112394811432
"115","X-3074","PLCB2",0.034296699364672,-0.94112394811432
"116","X-3074","ABLIM1",0.180310473437883,-0.94112394811432
"117","X-3074","DLG4",0.158673216625337,-0.924061655450546
"118","X-3074","POMZP3",-0.133429750344033,0.94112394811432
"119","X-3074","KCNJ4",-0.259932879395409,-0.94112394811432
"120","X-3074","PXN",-0.501263116157314,0.57681790368297
"121","X-3074","MRPS27",0.00721241893751531,-0.94112394811432
"122","X-3074","NBEAL2",-0.183916682906641,0.819688599970537
"123","X-3074","RRP1B",0.00721241893751531,-0.94112394811432
"124","X-3074","MPHOSPH10",0.320952642719431,-0.819688599970537
"125","X-3074","MCAT",0.346196109000735,-0.698253251826754
"126","X-3074","FBXL7",0.176704263969125,-0.94112394811432
"127","X-3074","FAM179B",0.173098054500368,-0.819688599970537
"128","X-3074","BGN",0.0360620946875766,-0.819688599970537
"129","X-3074","C1QBP",0.0613055609688802,-0.94112394811432
"130","X-3074","CALR",-0.0252434662813036,-0.94112394811432
"131","X-3074","MAP3K9",0.0721241893751531,-0.880406274042429
"132","X-3074","ZNF492",0.29210296696937,-0.94112394811432
"133","X-3074","DCAF11",-0.137035959812791,-0.880406274042429
"134","X-3074","SLC28A2",-0.0721241893751531,0.94112394811432
"135","X-3074","MKRN7P",0.0252434662813036,-0.698253251826754
"136","X-3074","IQCE",-0.140642169281549,0.819688599970537
"137","X-3074","VDAC1",0.165885635562852,-0.819688599970537
"138","X-3074","URB1",-0.4002892510321,0.819688599970537
"139","X-3074","PIGT",0.284890548031855,-0.94112394811432
"140","X-3074","BFAR",0.266859500688067,-0.94112394811432
"141","X-3074","NOC3L",-0.119004912469003,-0.819688599970537
"142","X-3074","PLSCR4",0.0721241893751531,0.94112394811432
"143","X-3074","TINAGL1",0.227441269470982,-0.94112394811432
"144","X-3074","NKAIN1",-0.223584987062975,-0.880406274042429
"145","X-3074","ZNF586",0.0432745136250919,-0.94112394811432
"146","X-3074","HOXC13",0.129823540875276,-0.94112394811432
"147","X-3074","FBXO17",-0.274071919625582,0.698253251826754
"148","X-3074","GPR107",0.220220911709999,-0.698253251826754
"149","X-3074","CCDC7",0.104580074593972,-0.94112394811432
"150","X-3074","IL1RAPL2",0.238009824938005,-0.94112394811432
"151","X-3074","CHRNG",0.313740223781916,-0.880406274042429
"152","X-3074","KAT8",0.119004912469003,-0.94112394811432
"153","X-3074","SERTAD1",-0.284890548031855,0.94112394811432
"154","X-3074","KCNK6",-0.23079740600049,-0.94112394811432
"155","X-3074","RGS22",-0.422390929017539,-0.94112394811432
"156","X-3074","FGF19",0.187522892375398,0.94112394811432
"157","X-3074","RALA",-0.0830341142513111,0.94112394811432
"158","X-3074","TMEM54",-0.231051448351474,0.94112394811432
"159","X-3074","PRKAA1",-0.12261112193776,0.94112394811432
"160","X-3074","ZNF12",0.165885635562852,0.819688599970537
"161","X-3074","TMEM55A",0.119004912469003,0.819688599970537
"162","X-3074","SHISA4",-0.0884493825720487,0.94112394811432
"163","X-3074","RNF216",0.119004912469003,0.698253251826754
"164","X-3074","SYTL1",-0.27767812909434,-0.94112394811432
"165","X-3074","C19orf12",-0.33898369006322,0.94112394811432
"166","X-3074","PAPPA2",-0.140642169281549,0.94112394811432
"167","X-3074","BVES",-0.119004912469003,0.94112394811432
"168","X-3074","FAM162B",-0.133723972863021,0.94112394811432
"169","X-3074","SEMA4D",-0.299644847080818,-0.819688599970537
"170","X-3074","ATP6V0E2-AS1",-0.0451272360061473,0.698253251826754
"171","X-3074","PRSS23",0.126217331406518,0.819688599970537
"172","X-3074","KHDRBS3",-0.0721241893751531,-0.819688599970537
"173","X-3074","HAS2",0.393076832094585,0.893259600268861
"174","X-3074","ENTPD2",0.0631781304086062,0.880406274042429
"175","X-3074","FAM155A",0.604901759700907,-0.880406274042429
"176","X-3074","ABCA17P",-0.234403615469248,0.954863710632231
"177","X-3074","STRIP2",0.119004912469003,0.954863710632231
"178","X-3074","PPP6R3",-0.137186797458688,0.94112394811432
"179","X-3074","HEATR1",0.515687954032345,-0.94112394811432
"180","X-3074","LOC100652999",-0.184119122905081,-0.94112394811432
"181","X-3074","FLYWCH1",-0.367833365813281,0.94112394811432
"182","X-3074","NHSL1",0.284890548031855,0.94112394811432
"183","X-3074","PLXNC1",-0.346196109000735,-0.94112394811432
"184","X-3074","HAPLN4",-0.548143839251164,0.94112394811432
"185","X-3074","VPS37D",-0.602236981282529,0.698253251826754
"186","X-3074","PHYKPL",-0.238009824938005,0.819688599970537
"187","X-3074","CYP4V2",-0.602236981282529,0.819688599970537
"188","X-3074","ENPP5",-0.563187905356718,0.819688599970537
"189","X-3074","LOC101930114",-0.467518165023686,0.57681790368297
"190","X-3074","XRRA1",-0.366433156369916,0.819688599970537
"191","X-3074","USP45",-0.50847553509483,0.94112394811432
"192","X-3074","NOVA2",-0.137035959812791,0.819688599970537
"193","X-3074","C1QTNF7",-0.0939681971469879,-0.94112394811432
"194","X-3074","THNSL2",-0.602236981282529,0.880406274042429
"195","X-3074","WDFY3-AS2",-0.218415822269753,0.770051379542122
"196","X-3074","BCL2L15",0.227692170010009,-0.819688599970537
"197","X-3074","GNB5",0.0397557757160334,-0.57681790368297
"198","X-3074","PRKD3",-0.27767812909434,-0.94112394811432
"199","X-3074","FAM161B",-0.393076832094585,0.94112394811432
"200","X-3074","UBA6",-0.375045784750796,0.94112394811432
"201","X-3074","LOC728730",-0.0685179799063955,0.94112394811432
"202","X-3074","TMED3",-0.0126495650005561,-0.94112394811432
"203","X-3074","ITGB8",0.0577628620878686,0.954863710632231
"204","X-3074","FLJ16734",0.111792493531487,0.94112394811432
"205","X-3074","ZBTB46",-0.102890098094016,0.770051379542122
"206","X-3074","XPO1",0.0865490272501838,-0.94112394811432
"207","X-3074","LOC100506371",0.393076832094585,0.94112394811432
"208","X-3074","LARS2",0.0360620946875766,0.698253251826754
"209","X-3074","CUL7",-0.445857091740735,0.819688599970537
"210","X-3074","KIAA0586",0.312280473162539,-0.880406274042429
"211","X-3074","FBXO41",0.0721241893751531,-0.94112394811432
"212","X-3074","DENND2A",0.0757303988439108,-0.94112394811432
"213","X-3094","COPS3",-0.191208791208791,-0.714285714285714
"214","X-3094","CTCF",0.630769230769231,-0.885714285714286
"215","X-3094","TOPBP1",-0.010989010989011,-0.885714285714286
"216","X-3094","CRELD1",0.0021978021978022,0.885714285714286
"217","X-3094","ZP3",-0.301098901098901,0.771428571428571
"218","X-3094","HOXD1",0.595604395604396,-0.771428571428571
"219","X-3094","CHRNA5",0.349450549450549,-1
"220","X-3094","PIK3R1",0.404840729026113,-0.942857142857143
"221","X-3094","CLDN9",-0.252747252747253,0.885714285714286
"222","X-3094","LINC01136",0.341034309777432,-1
"223","X-3094","HNF1A",-0.0704070833088892,-1
"224","X-3094","ARHGEF15",-0.169230769230769,0.885714285714286
"225","X-3094","GSTK1",-0.784615384615385,0.885714285714286
"226","X-3094","YKT6",-0.393406593406593,0.828571428571429
"227","X-3094","LHPP",-0.186813186813187,-1
"228","X-3094","OR10J1",-0.498901098901099,0.828571428571429
"229","X-3094","ATCAY",-0.0989010989010989,-0.942857142857143
"230","X-3094","KXD1",0.573626373626374,-0.828571428571429
"231","X-3094","CYHR1",-0.375824175824176,0.942857142857143
"232","X-3094","TSPAN12",-0.226373626373626,0.898645105261295
"233","X-3094","PGLS",-0.30989010989011,1
"234","X-3094","LOC101930115",-0.204395604395604,0.828571428571429
"235","X-3094","UBE3B",0.182417582417582,0.942857142857143
"236","X-3094","CUL4A",0.432967032967033,-0.885714285714286
"237","X-3094","RABGEF1",-0.485714285714286,1
"238","X-3094","RASL11A",-0.21342147128007,1
"239","X-3094","RTKN",-0.0769230769230769,0.942857142857143
"240","X-3094","UBE2U",-0.573626373626374,0.771428571428571
"241","X-3094","C11orf30",0.336633867070627,-0.828571428571429
"242","X-3094","ROS1",-0.118811953083751,0.942857142857143
"243","X-3094","C16orf52",0.0396039843612502,0.885714285714286
"244","X-3094","IGHMBP2",0.441758241758242,-0.828571428571429
"245","X-3094","TSTA3",-0.301098901098901,0.942857142857143
"246","X-3094","DND1",0.767032967032967,-0.942857142857143
"247","X-3996","C6orf99",-0.624915303090249,0.828571428571429
"248","X-4015","PPM1G",0.287912087912088,-0.828571428571429
"249","X-4015","SMARCC1",-0.142857142857143,-0.942857142857143
"250","X-4015","SLC9A3R1",0.446153846153846,-0.885714285714286
"251","X-4015","FBXO28",-0.371428571428571,0.885714285714286
"252","X-4015","LGALS9",0.683516483516484,-0.885714285714286
"253","X-4015","F13A1",0.441758241758242,-0.885714285714286
"254","X-4015","ACOT13",-0.147252747252747,0.942857142857143
"255","X-4015","MYL5",-0.2,1
"256","X-4015","SERINC5",0.41978021978022,-0.942857142857143
"257","X-4015","URB1",-0.296703296703297,0.942857142857143
"258","X-4015","TEK",-0.0857142857142857,0.84066800169605
"259","X-4015","YKT6",-0.49010989010989,0.885714285714286
"260","X-4015","SMYD3",-0.586813186813187,0.657142857142857
"261","X-4015","ZNF287",0.279120879120879,-1
"262","X-4015","HORMAD1",-0.0637362637362637,0.942857142857143
"263","X-4015","MRAS",-0.349450549450549,1
"264","X-4015","KIAA1407",0.323076923076923,-0.771428571428571
"265","X-4015","FAM49B",0.0241758241758242,-1
"266","X-4015","SHISA2",0.595604395604396,-0.942857142857143
"267","X-4015","FLJ12825",-0.243956043956044,0.828571428571429
"268","X-4015","ODF3",0.476923076923077,-0.828571428571429
"269","X-4015","EMP1",-0.433921757462506,0.942857142857143
"270","X-4015","LOC100190986",0.151648351648352,-0.942857142857143
"271","X-4015","RABGEF1",-0.424175824175824,0.885714285714286
"272","X-4015","LMO4",-0.125274725274725,-0.898645105261295
"273","X-4015","LOC285147",0.173626373626374,-0.828571428571429
"274","X-4015","TSTA3",-0.516483516483516,0.771428571428571
"275","X-4020","LGALS9",0.718681318681319,-0.885714285714286
"276","X-4020","ZNF704",0.327472527472527,-0.885714285714286
"277","X-4020","BCL2L15",0.290749603985029,-1
"278","X-4027","GMFB",0.56043956043956,-0.758970925898645
"279","X-4046","MYBPH",-0.910442931634638,0.130930734141595
"280","X-4516","CYC1",-0.432967032967033,0.942857142857143
"281","X-4516","USP1",-0.230769230769231,-0.942857142857143
"282","X-4516","EIF2B2",-0.208791208791209,-0.942857142857143
"283","X-4516","TOPBP1",-0.169230769230769,-0.942857142857143
"284","X-4516","R3HDM2",-0.0285714285714286,-0.828571428571429
"285","X-4516","CNN1",-0.556043956043956,0.885714285714286
"286","X-4516","ZP3",-0.424175824175824,0.828571428571429
"287","X-4516","CCDC106",-0.49010989010989,1
"288","X-4516","CASP5",-0.156043956043956,1
"289","X-4516","GLRA1",0.162816380151806,-0.885714285714286
"290","X-4516","SPAG1",-0.542857142857143,0.771428571428571
"291","X-4516","RB1",0.198019921806251,-0.942857142857143
"292","X-4516","NBEAL2",-0.257142857142857,0.828571428571429
"293","X-4516","IQCE",-0.397802197802198,0.942857142857143
"294","X-4516","LHPP",-0.0373626373626374,-0.771428571428571
"295","X-4516","TM4SF20",0.56043956043956,-1
"296","X-4516","PDZD4",-0.474618312263352,0.942857142857143
"297","X-4516","PLEKHG1",0.551648351648352,-0.942857142857143
"298","X-4516","C6orf1",-0.336263736263736,0.771428571428571
"299","X-4516","FAM109B",0.010989010989011,0.828571428571429
"300","X-4516","TMEM192",0.345054945054945,1
"301","X-4516","ATCAY",-0.265934065934066,-0.885714285714286
"302","X-4516","TLE1",0.358636080604655,-0.828571428571429
"303","X-4516","KXD1",0.657142857142857,-0.714285714285714
"304","X-4516","TNFAIP8",0.362637362637363,-1
"305","X-4516","CREM",-0.0637362637362637,0.714285714285714
"306","X-4516","TSPAN12",-0.235164835164835,0.927633657043918
"307","X-4516","CST9L",0.23956043956044,-0.942857142857143
"308","X-4516","LINC00997",0.38021978021978,1
"309","X-4516","UBE3B",0.0725274725274725,0.828571428571429
"310","X-4516","CUL4A",0.274725274725275,-0.942857142857143
"311","X-4516","LAMB4",-0.032967032967033,-0.771428571428571
"312","X-4516","PSD4",0.27032967032967,-0.771428571428571
"313","X-4516","CCDC18",-0.0373626373626374,-0.828571428571429
"314","X-4516","DZIP1L",-0.116483516483516,1
"315","X-4516","SEC14L3",0.0461538461538462,-0.942857142857143
"316","X-4516","C11orf30",0.400440286319308,-0.942857142857143
"317","X-4516","DIS3L2",0.731868131868132,-1
"318","X-4516","ROS1",0.0154015494738195,0.885714285714286
"319","X-4516","LINC00610",-0.0528053124816669,1
"320","X-4516","CALHM2",-0.0769230769230769,-0.771428571428571
"321","X-4516","IFT74",0.494505494505494,1
"322","X-4516","CALML4",-0.0769230769230769,-0.885714285714286
"323","sorbitol","RSPH6A",-0.63115007219465,0.927633657043918
"324","sorbitol","FAM223B",-0.646706588058603,0.927633657043918
"325","tyrosine","SLC52A2",-0.70989010989011,0.942857142857143
"326","uracil","MRPL24",-0.824175824175824,0.84066800169605
"327","4-Guanidinobutanoic acid","SKAP1",0.750480683532617,-0.657142857142857
"328","arginino-succinate","PYGL",-0.849440128749639,0.6
"329","beta-nicotinamide adenine dinucleotide","SLC4A2",-0.125274725274725,0.94112394811432
"330","beta-nicotinamide adenine dinucleotide","NSF",-0.0373626373626374,-0.880406274042429
"331","beta-nicotinamide adenine dinucleotide","PCOLCE",-0.358241758241758,0.880406274042429
"332","beta-nicotinamide adenine dinucleotide","ACTL6A",0.314285714285714,-0.758970925898645
"333","beta-nicotinamide adenine dinucleotide","KDM4A",-0.248351648351648,-0.94112394811432
"334","beta-nicotinamide adenine dinucleotide","ARHGAP4",-0.182618372332431,-0.94112394811432
"335","beta-nicotinamide adenine dinucleotide","ST6GALNAC2",0.221978021978022,-0.831655489905492
"336","beta-nicotinamide adenine dinucleotide","REEP2",-0.520879120879121,0.880406274042429
"337","beta-nicotinamide adenine dinucleotide","ITIH3",-0.0813186813186813,0.893259600268861
"338","beta-nicotinamide adenine dinucleotide","FOLR3",0.657142857142857,-0.880406274042429
"339","beta-nicotinamide adenine dinucleotide","PIP",0.0901098901098901,-0.94112394811432
"340","beta-nicotinamide adenine dinucleotide","HPGDS",-0.116483516483516,-0.880406274042429
"341","beta-nicotinamide adenine dinucleotide","ATG13",0.353846153846154,-0.880406274042429
"342","beta-nicotinamide adenine dinucleotide","TRAPPC2B",0.441758241758242,-0.94112394811432
"343","beta-nicotinamide adenine dinucleotide","CCL19",-0.0857142857142857,-0.880406274042429
"344","beta-nicotinamide adenine dinucleotide","MTX1",0.213186813186813,0.880406274042429
"345","beta-nicotinamide adenine dinucleotide","PLCB2",0.030803098947639,-0.880406274042429
"346","beta-nicotinamide adenine dinucleotide","ABLIM1",0.27032967032967,-0.880406274042429
"347","beta-nicotinamide adenine dinucleotide","DLG4",0.265934065934066,-0.924061655450546
"348","beta-nicotinamide adenine dinucleotide","POMZP3",-0.661538461538462,0.880406274042429
"349","beta-nicotinamide adenine dinucleotide","ESR2",0.083608411429306,0.94112394811432
"350","beta-nicotinamide adenine dinucleotide","GRIN1",-0.296703296703297,0.94112394811432
"351","beta-nicotinamide adenine dinucleotide","EVI2B",0.186813186813187,-0.94112394811432
"352","beta-nicotinamide adenine dinucleotide","LOC101060275",0.49010989010989,-0.880406274042429
"353","beta-nicotinamide adenine dinucleotide","SCRIB",-0.450549450549451,0.880406274042429
"354","beta-nicotinamide adenine dinucleotide","MAP3K9",0.287912087912088,-0.94112394811432
"355","beta-nicotinamide adenine dinucleotide","DCAF11",0.151648351648352,-0.94112394811432
"356","beta-nicotinamide adenine dinucleotide","OLFML1",-0.0550055338350697,-0.924061655450546
"357","beta-nicotinamide adenine dinucleotide","BFAR",0.0769230769230769,-0.880406274042429
"358","beta-nicotinamide adenine dinucleotide","NKAIN1",0.547252747252747,-0.94112394811432
"359","beta-nicotinamide adenine dinucleotide","PSORS1C1",-0.446153846153846,0.94112394811432
"360","beta-nicotinamide adenine dinucleotide","KLRF1",-0.226373626373626,0.94112394811432
"361","beta-nicotinamide adenine dinucleotide","CCDC7",-0.0285714285714286,-0.880406274042429
"362","beta-nicotinamide adenine dinucleotide","ITM2C",-0.362637362637363,-0.94112394811432
"363","beta-nicotinamide adenine dinucleotide","OR10C1",0.010989010989011,-0.698253251826754
"364","beta-nicotinamide adenine dinucleotide","TAS2R10",0.683516483516484,-0.94112394811432
"365","beta-nicotinamide adenine dinucleotide","OR7E156P",-0.00659340659340659,-0.94112394811432
"366","beta-nicotinamide adenine dinucleotide","FGF19",0.147252747252747,0.880406274042429
"367","beta-nicotinamide adenine dinucleotide","MS4A7",0.501650468575836,-0.94112394811432
"368","beta-nicotinamide adenine dinucleotide","DEF8",-0.182417582417582,0.94112394811432
"369","beta-nicotinamide adenine dinucleotide","AGO2",-0.0021978021978022,0.880406274042429
"370","beta-nicotinamide adenine dinucleotide","ARHGEF25",-0.652747252747253,0.94112394811432
"371","beta-nicotinamide adenine dinucleotide","RP9P",-0.0153846153846154,0.880406274042429
"372","beta-nicotinamide adenine dinucleotide","C19orf12",0.164835164835165,0.880406274042429
"373","beta-nicotinamide adenine dinucleotide","DYM",0.195604395604396,-0.94112394811432
"374","beta-nicotinamide adenine dinucleotide","EMILIN3",0.657142857142857,-0.758970925898645
"375","beta-nicotinamide adenine dinucleotide","POLRMT",0.582417582417582,-0.94112394811432
"376","beta-nicotinamide adenine dinucleotide","C9orf24",-0.00659340659340659,-0.94112394811432
"377","beta-nicotinamide adenine dinucleotide","HDAC5",-0.138613945264376,0.94112394811432
"378","beta-nicotinamide adenine dinucleotide","SLCO3A1",0.336263736263736,-0.880406274042429
"379","beta-nicotinamide adenine dinucleotide","EPHB2",-0.0505494505494506,-0.880406274042429
"380","beta-nicotinamide adenine dinucleotide","ERF",0.446644934740766,-0.758970925898645
"381","beta-nicotinamide adenine dinucleotide","ENTPD2",-0.0616061978952781,0.94112394811432
"382","beta-nicotinamide adenine dinucleotide","ABCA17P",-0.49010989010989,0.893259600268861
"383","beta-nicotinamide adenine dinucleotide","LOC100130691",-0.340659340659341,0.94112394811432
"384","beta-nicotinamide adenine dinucleotide","SPATA42",0.235683391109077,-0.831655489905492
"385","beta-nicotinamide adenine dinucleotide","PCED1A",-0.182417582417582,0.880406274042429
"386","beta-nicotinamide adenine dinucleotide","RIMS1",0.283516483516484,-0.880406274042429
"387","beta-nicotinamide adenine dinucleotide","NAAA",0.2,0.758970925898645
"388","beta-nicotinamide adenine dinucleotide","GRHL3",0.125274725274725,0.880406274042429
"389","beta-nicotinamide adenine dinucleotide","STK24-AS1",0.0197802197802198,0.758970925898645
"390","beta-nicotinamide adenine dinucleotide","OR2A4",-0.138461538461538,-0.758970925898645
"391","beta-nicotinamide adenine dinucleotide","LGALS8-AS1",0.041804205714653,0.880406274042429
"392","beta-nicotinamide adenine dinucleotide","TMEM168",0.147414830677987,0.758970925898645
"393","beta-nicotinamide adenine dinucleotide","NHSL1",-0.032967032967033,0.880406274042429
"394","beta-nicotinamide adenine dinucleotide","ANKRD44",0.323076923076923,-0.94112394811432
"395","beta-nicotinamide adenine dinucleotide","USP45",-0.142857142857143,0.880406274042429
"396","beta-nicotinamide adenine dinucleotide","C1QTNF7",0.022026485150381,-0.880406274042429
"397","beta-nicotinamide adenine dinucleotide","LOC284933",-0.195604395604396,-0.880406274042429
"398","beta-nicotinamide adenine dinucleotide","NTM",-0.16043956043956,0.94112394811432
"399","beta-nicotinamide adenine dinucleotide","RIT1",0.265934065934066,0.880406274042429
"400","gamma-L-glutamyl-L-glutamine","SDS",0.59738599458407,-0.954863710632231
"401","gamma-L-glutamyl-L-glutamine","KCNJ4",0.540168364838944,-0.94112394811432
"402","gamma-L-glutamyl-L-glutamine","IL1RAPL2",0.517550999916153,-0.94112394811432
"403","gamma-L-glutamyl-L-glutamine","RALA",-0.469891358188979,0.94112394811432
"404","gamma-L-glutamyl-L-glutamine","GLIS3",-0.371645664833408,0.819688599970537
"405","gamma-L-glutamyl-L-glutamine","GALK2",0.644185819044574,-0.880406274042429
"406","Isobar 27 includes L-kynurenine, alpha-2-diamino-gamma-oxobenzenebutanoic acid","LYL1",-0.793989825223876,0.151794185179729
"407","Isobar 3 includes inositol 1-phosphate, mannose 6-phosphate, glucose 6-phosphate, D-mannose 1-phosphate, alpha-D-glucose 1-phosphate, alpha-D-galactose 1 phosphate","SNX15",-0.912087912087912,0.6
"408","Isobar 4 includes Gluconic acid, DL-arabinose, D-ribose, L-xylose, DL-lyxose, D-xylulose","LAMC1",-0.208791208791209,0.371428571428571
"409","Isobar 4 includes Gluconic acid, DL-arabinose, D-ribose, L-xylose, DL-lyxose, D-xylulose","GNB2",0.27032967032967,0.942857142857143
"410","Isobar 4 includes Gluconic acid, DL-arabinose, D-ribose, L-xylose, DL-lyxose, D-xylulose","PSMC4",-0.12967032967033,-0.714285714285714
"411","Isobar 4 includes Gluconic acid, DL-arabinose, D-ribose, L-xylose, DL-lyxose, D-xylulose","IER3",0.0021978021978022,0.6
"412","Isobar 4 includes Gluconic acid, DL-arabinose, D-ribose, L-xylose, DL-lyxose, D-xylulose","BLMH",-0.164835164835165,-1
"413","Isobar 4 includes Gluconic acid, DL-arabinose, D-ribose, L-xylose, DL-lyxose, D-xylulose","CHERP",0.0197802197802198,-0.942857142857143
"414","Isobar 4 includes Gluconic acid, DL-arabinose, D-ribose, L-xylose, DL-lyxose, D-xylulose","PCOLCE",-0.292307692307692,0.714285714285714
"415","Isobar 4 includes Gluconic acid, DL-arabinose, D-ribose, L-xylose, DL-lyxose, D-xylulose","CTPS1",0.0197802197802198,-0.771428571428571
"416","Isobar 4 includes Gluconic acid, DL-arabinose, D-ribose, L-xylose, DL-lyxose, D-xylulose","PLOD2",-0.257142857142857,1
"417","Isobar 4 includes Gluconic acid, DL-arabinose, D-ribose, L-xylose, DL-lyxose, D-xylulose","SERPINE1",0.00660066406020837,0.771428571428571
"418","Isobar 4 includes Gluconic acid, DL-arabinose, D-ribose, L-xylose, DL-lyxose, D-xylulose","DENND4B",-0.16043956043956,0.485714285714286
"419","Isobar 4 includes Gluconic acid, DL-arabinose, D-ribose, L-xylose, DL-lyxose, D-xylulose","ATP1A2",0.30989010989011,-0.828571428571429
"420","Isobar 4 includes Gluconic acid, DL-arabinose, D-ribose, L-xylose, DL-lyxose, D-xylulose","RCAN2",-0.428571428571429,0.942857142857143
"421","Isobar 4 includes Gluconic acid, DL-arabinose, D-ribose, L-xylose, DL-lyxose, D-xylulose","LOXL1",-0.30989010989011,0.771428571428571
"422","Isobar 4 includes Gluconic acid, DL-arabinose, D-ribose, L-xylose, DL-lyxose, D-xylulose","BYSL",0.217582417582418,-0.314285714285714
"423","Isobar 4 includes Gluconic acid, DL-arabinose, D-ribose, L-xylose, DL-lyxose, D-xylulose","DFNA5",-0.331868131868132,0.6
"424","Isobar 4 includes Gluconic acid, DL-arabinose, D-ribose, L-xylose, DL-lyxose, D-xylulose","CFI",0.0197802197802198,0.828571428571429
"425","Isobar 4 includes Gluconic acid, DL-arabinose, D-ribose, L-xylose, DL-lyxose, D-xylulose","WDR47",-0.120879120879121,0.428571428571429
"426","Isobar 4 includes Gluconic acid, DL-arabinose, D-ribose, L-xylose, DL-lyxose, D-xylulose","F2R",0.0549450549450549,0.828571428571429
"427","Isobar 4 includes Gluconic acid, DL-arabinose, D-ribose, L-xylose, DL-lyxose, D-xylulose","RRP9",0.213186813186813,-0.6
"428","Isobar 4 includes Gluconic acid, DL-arabinose, D-ribose, L-xylose, DL-lyxose, D-xylulose","GPR137B",-0.0549450549450549,-0.6
"429","Isobar 4 includes Gluconic acid, DL-arabinose, D-ribose, L-xylose, DL-lyxose, D-xylulose","DZIP1",-0.358241758241758,0.637748139217693
"430","Isobar 4 includes Gluconic acid, DL-arabinose, D-ribose, L-xylose, DL-lyxose, D-xylulose","STC1",0.410989010989011,0.942857142857143
"431","Isobar 4 includes Gluconic acid, DL-arabinose, D-ribose, L-xylose, DL-lyxose, D-xylulose","FEN1",0.485714285714286,-0.0857142857142857
"432","Isobar 4 includes Gluconic acid, DL-arabinose, D-ribose, L-xylose, DL-lyxose, D-xylulose","POLA1",0.292307692307692,-0.885714285714286
"433","Isobar 4 includes Gluconic acid, DL-arabinose, D-ribose, L-xylose, DL-lyxose, D-xylulose","GLDC",-0.156043956043956,0.828571428571429
"434","Isobar 4 includes Gluconic acid, DL-arabinose, D-ribose, L-xylose, DL-lyxose, D-xylulose","GPC4",-0.103296703296703,-0.828571428571429
"435","Isobar 4 includes Gluconic acid, DL-arabinose, D-ribose, L-xylose, DL-lyxose, D-xylulose","ORC1",0.272827447821946,-0.771428571428571
"436","Isobar 4 includes Gluconic acid, DL-arabinose, D-ribose, L-xylose, DL-lyxose, D-xylulose","SLC16A4",0.156734419398595,0.714285714285714
"437","Isobar 4 includes Gluconic acid, DL-arabinose, D-ribose, L-xylose, DL-lyxose, D-xylulose","SERPIND1",-0.169230769230769,0.6
"438","Isobar 4 includes Gluconic acid, DL-arabinose, D-ribose, L-xylose, DL-lyxose, D-xylulose","TNFSF12",0.213186813186813,0.885714285714286
"439","Isobar 4 includes Gluconic acid, DL-arabinose, D-ribose, L-xylose, DL-lyxose, D-xylulose","GTF2E1",-0.0813186813186813,-0.771428571428571
"440","Isobar 4 includes Gluconic acid, DL-arabinose, D-ribose, L-xylose, DL-lyxose, D-xylulose","ZNF365",-0.208791208791209,0.828571428571429
"441","Isobar 4 includes Gluconic acid, DL-arabinose, D-ribose, L-xylose, DL-lyxose, D-xylulose","PTK6",0.27032967032967,0.771428571428571
"442","Isobar 4 includes Gluconic acid, DL-arabinose, D-ribose, L-xylose, DL-lyxose, D-xylulose","GLI1",-0.679120879120879,0.771428571428571
"443","Isobar 4 includes Gluconic acid, DL-arabinose, D-ribose, L-xylose, DL-lyxose, D-xylulose","CD5L",0.134065934065934,-0.657142857142857
"444","Isobar 4 includes Gluconic acid, DL-arabinose, D-ribose, L-xylose, DL-lyxose, D-xylulose","ADCY8",0.340659340659341,-0.257142857142857
"445","Isobar 4 includes Gluconic acid, DL-arabinose, D-ribose, L-xylose, DL-lyxose, D-xylulose","RFPL2",-0.191419257746043,-0.771428571428571
"446","Isobar 4 includes Gluconic acid, DL-arabinose, D-ribose, L-xylose, DL-lyxose, D-xylulose","IL10",-0.538461538461538,0.257142857142857
"447","Isobar 4 includes Gluconic acid, DL-arabinose, D-ribose, L-xylose, DL-lyxose, D-xylulose","KLRC3",0.345054945054945,-0.371428571428571
"448","Isobar 4 includes Gluconic acid, DL-arabinose, D-ribose, L-xylose, DL-lyxose, D-xylulose","ALK",-0.564835164835165,0.942857142857143
"449","Isobar 4 includes Gluconic acid, DL-arabinose, D-ribose, L-xylose, DL-lyxose, D-xylulose","POU5F1",0.195604395604396,0.714285714285714
"450","Isobar 4 includes Gluconic acid, DL-arabinose, D-ribose, L-xylose, DL-lyxose, D-xylulose","GPR15",0.120879120879121,-0.657142857142857
"451","Isobar 4 includes Gluconic acid, DL-arabinose, D-ribose, L-xylose, DL-lyxose, D-xylulose","RALGDS",-0.169230769230769,0.942857142857143
"452","Isobar 4 includes Gluconic acid, DL-arabinose, D-ribose, L-xylose, DL-lyxose, D-xylulose","APLP1",-0.0637362637362637,0.753702346348183
"453","Isobar 4 includes Gluconic acid, DL-arabinose, D-ribose, L-xylose, DL-lyxose, D-xylulose","IDH2",0.230769230769231,-0.942857142857143
"454","Isobar 4 includes Gluconic acid, DL-arabinose, D-ribose, L-xylose, DL-lyxose, D-xylulose","UPK1B",-0.213186813186813,0.428571428571429
"455","Isobar 4 includes Gluconic acid, DL-arabinose, D-ribose, L-xylose, DL-lyxose, D-xylulose","MARCH2",0.221978021978022,0.828571428571429
"456","Isobar 4 includes Gluconic acid, DL-arabinose, D-ribose, L-xylose, DL-lyxose, D-xylulose","PSG9",-0.0154015494738195,-0.542857142857143
"457","Isobar 4 includes Gluconic acid, DL-arabinose, D-ribose, L-xylose, DL-lyxose, D-xylulose","NQO1",-0.010989010989011,0.828571428571429
"458","Isobar 4 includes Gluconic acid, DL-arabinose, D-ribose, L-xylose, DL-lyxose, D-xylulose","SAR1A",0.573626373626374,-0.428571428571429
"459","Isobar 4 includes Gluconic acid, DL-arabinose, D-ribose, L-xylose, DL-lyxose, D-xylulose","IL1R2",-0.12967032967033,0.885714285714286
"460","Isobar 4 includes Gluconic acid, DL-arabinose, D-ribose, L-xylose, DL-lyxose, D-xylulose","KCNJ4",0.231023242107293,-0.942857142857143
"461","Isobar 4 includes Gluconic acid, DL-arabinose, D-ribose, L-xylose, DL-lyxose, D-xylulose","RNF114",-0.010989010989011,-0.6
"462","Isobar 4 includes Gluconic acid, DL-arabinose, D-ribose, L-xylose, DL-lyxose, D-xylulose","RRP1B",-0.12967032967033,-0.657142857142857
"463","Isobar 4 includes Gluconic acid, DL-arabinose, D-ribose, L-xylose, DL-lyxose, D-xylulose","MCAT",0.032967032967033,-0.657142857142857
"464","Isobar 4 includes Gluconic acid, DL-arabinose, D-ribose, L-xylose, DL-lyxose, D-xylulose","SETD1B",-0.164835164835165,-0.714285714285714
"465","Isobar 4 includes Gluconic acid, DL-arabinose, D-ribose, L-xylose, DL-lyxose, D-xylulose","ZNF184",-0.265934065934066,-0.942857142857143
"466","Isobar 4 includes Gluconic acid, DL-arabinose, D-ribose, L-xylose, DL-lyxose, D-xylulose","LOC100506603",-0.2,0.885714285714286
"467","Isobar 4 includes Gluconic acid, DL-arabinose, D-ribose, L-xylose, DL-lyxose, D-xylulose","LINC00342",0.0373626373626374,-0.714285714285714
"468","Isobar 4 includes Gluconic acid, DL-arabinose, D-ribose, L-xylose, DL-lyxose, D-xylulose","PPP2R2B",-0.0549450549450549,0.885714285714286
"469","Isobar 4 includes Gluconic acid, DL-arabinose, D-ribose, L-xylose, DL-lyxose, D-xylulose","TWIST1",-0.683516483516484,0.6
"470","Isobar 4 includes Gluconic acid, DL-arabinose, D-ribose, L-xylose, DL-lyxose, D-xylulose","GNAL",-0.0901098901098901,0.485714285714286
"471","Isobar 4 includes Gluconic acid, DL-arabinose, D-ribose, L-xylose, DL-lyxose, D-xylulose","FERMT2",-0.248351648351648,0.428571428571429
"472","Isobar 4 includes Gluconic acid, DL-arabinose, D-ribose, L-xylose, DL-lyxose, D-xylulose","CALR",0.279120879120879,-0.714285714285714
"473","Isobar 4 includes Gluconic acid, DL-arabinose, D-ribose, L-xylose, DL-lyxose, D-xylulose","PPFIBP1",-0.0373626373626374,0.714285714285714
"474","Isobar 4 includes Gluconic acid, DL-arabinose, D-ribose, L-xylose, DL-lyxose, D-xylulose","MBD2",0.0593406593406593,-0.542857142857143
"475","Isobar 4 includes Gluconic acid, DL-arabinose, D-ribose, L-xylose, DL-lyxose, D-xylulose","GPR6",-0.30803098947639,0.942857142857143
"476","Isobar 4 includes Gluconic acid, DL-arabinose, D-ribose, L-xylose, DL-lyxose, D-xylulose","SC5D",0.010989010989011,-0.714285714285714
"477","Isobar 4 includes Gluconic acid, DL-arabinose, D-ribose, L-xylose, DL-lyxose, D-xylulose","OGG1",-0.0989010989010989,-0.771428571428571
"478","Isobar 4 includes Gluconic acid, DL-arabinose, D-ribose, L-xylose, DL-lyxose, D-xylulose","AFF1",-0.23956043956044,-0.771428571428571
"479","Isobar 4 includes Gluconic acid, DL-arabinose, D-ribose, L-xylose, DL-lyxose, D-xylulose","IL1R1",-0.169230769230769,0.371428571428571
"480","Isobar 4 includes Gluconic acid, DL-arabinose, D-ribose, L-xylose, DL-lyxose, D-xylulose","LINC00563",-0.604395604395604,0.0857142857142857
"481","Isobar 4 includes Gluconic acid, DL-arabinose, D-ribose, L-xylose, DL-lyxose, D-xylulose","EXOSC2",0.0285714285714286,-0.6
"482","Isobar 4 includes Gluconic acid, DL-arabinose, D-ribose, L-xylose, DL-lyxose, D-xylulose","TGM2",0.107692307692308,-0.942857142857143
"483","Isobar 4 includes Gluconic acid, DL-arabinose, D-ribose, L-xylose, DL-lyxose, D-xylulose","SLC28A2",-0.0373626373626374,0.714285714285714
"484","Isobar 4 includes Gluconic acid, DL-arabinose, D-ribose, L-xylose, DL-lyxose, D-xylulose","FARSA",0.180418150979029,-0.885714285714286
"485","Isobar 4 includes Gluconic acid, DL-arabinose, D-ribose, L-xylose, DL-lyxose, D-xylulose","TXN",-0.0945054945054945,0.828571428571429
"486","Isobar 4 includes Gluconic acid, DL-arabinose, D-ribose, L-xylose, DL-lyxose, D-xylulose","PDGFA",0.0681318681318681,0.657142857142857
"487","Isobar 4 includes Gluconic acid, DL-arabinose, D-ribose, L-xylose, DL-lyxose, D-xylulose","DYRK1B",-0.287912087912088,0.771428571428571
"488","Isobar 4 includes Gluconic acid, DL-arabinose, D-ribose, L-xylose, DL-lyxose, D-xylulose","COL7A1",-0.305494505494505,0.714285714285714
"489","Isobar 4 includes Gluconic acid, DL-arabinose, D-ribose, L-xylose, DL-lyxose, D-xylulose","DHODH",-0.0660066406020837,-0.828571428571429
"490","Isobar 4 includes Gluconic acid, DL-arabinose, D-ribose, L-xylose, DL-lyxose, D-xylulose","SPATA20",-0.0417582417582418,0.714285714285714
"491","Isobar 4 includes Gluconic acid, DL-arabinose, D-ribose, L-xylose, DL-lyxose, D-xylulose","MSTO2P",0.257142857142857,-0.828571428571429
"492","Isobar 4 includes Gluconic acid, DL-arabinose, D-ribose, L-xylose, DL-lyxose, D-xylulose","PLSCR4",-0.12967032967033,0.714285714285714
"493","Isobar 4 includes Gluconic acid, DL-arabinose, D-ribose, L-xylose, DL-lyxose, D-xylulose","TINAGL1",0.303630546769585,-0.657142857142857
"494","Isobar 4 includes Gluconic acid, DL-arabinose, D-ribose, L-xylose, DL-lyxose, D-xylulose","PCOLCE2",-0.208791208791209,0.828571428571429
"495","Isobar 4 includes Gluconic acid, DL-arabinose, D-ribose, L-xylose, DL-lyxose, D-xylulose","LRRC49",-0.797802197802198,0.771428571428571
"496","Isobar 4 includes Gluconic acid, DL-arabinose, D-ribose, L-xylose, DL-lyxose, D-xylulose","C1orf54",-0.389010989010989,0.485714285714286
"497","Isobar 4 includes Gluconic acid, DL-arabinose, D-ribose, L-xylose, DL-lyxose, D-xylulose","NEK11",-0.621978021978022,-0.0285714285714286
"498","Isobar 4 includes Gluconic acid, DL-arabinose, D-ribose, L-xylose, DL-lyxose, D-xylulose","PRRX2",-0.0681318681318681,0.463816828521959
"499","Isobar 4 includes Gluconic acid, DL-arabinose, D-ribose, L-xylose, DL-lyxose, D-xylulose","ZNF432",-0.0417582417582418,-0.695725242782938
"500","Isobar 4 includes Gluconic acid, DL-arabinose, D-ribose, L-xylose, DL-lyxose, D-xylulose","ZBTB32",-0.0418503217857239,0.714285714285714
"501","Isobar 4 includes Gluconic acid, DL-arabinose, D-ribose, L-xylose, DL-lyxose, D-xylulose","GPR107",-0.0682068619554864,-0.657142857142857
"502","Isobar 4 includes Gluconic acid, DL-arabinose, D-ribose, L-xylose, DL-lyxose, D-xylulose","ANKRD36B",0.0373626373626374,-0.714285714285714
"503","Isobar 4 includes Gluconic acid, DL-arabinose, D-ribose, L-xylose, DL-lyxose, D-xylulose","RSPH6A",0.125274725274725,0.657142857142857
"504","Isobar 4 includes Gluconic acid, DL-arabinose, D-ribose, L-xylose, DL-lyxose, D-xylulose","KANK2",-0.217582417582418,0.6
"505","Isobar 4 includes Gluconic acid, DL-arabinose, D-ribose, L-xylose, DL-lyxose, D-xylulose","IL1RAPL2",0.134065934065934,-0.942857142857143
"506","Isobar 4 includes Gluconic acid, DL-arabinose, D-ribose, L-xylose, DL-lyxose, D-xylulose","VCAN",-0.345054945054945,0.2
"507","Isobar 4 includes Gluconic acid, DL-arabinose, D-ribose, L-xylose, DL-lyxose, D-xylulose","SSH1",0.143014387971181,0.771428571428571
"508","Isobar 4 includes Gluconic acid, DL-arabinose, D-ribose, L-xylose, DL-lyxose, D-xylulose","ZNF480",0.151648351648352,-0.542857142857143
"509","Isobar 4 includes Gluconic acid, DL-arabinose, D-ribose, L-xylose, DL-lyxose, D-xylulose","SUV420H1",-0.287912087912088,0.942857142857143
"510","Isobar 4 includes Gluconic acid, DL-arabinose, D-ribose, L-xylose, DL-lyxose, D-xylulose","SERTAD1",0.0241758241758242,0.885714285714286
"511","Isobar 4 includes Gluconic acid, DL-arabinose, D-ribose, L-xylose, DL-lyxose, D-xylulose","KCNK6",-0.156043956043956,-0.714285714285714
"512","Isobar 4 includes Gluconic acid, DL-arabinose, D-ribose, L-xylose, DL-lyxose, D-xylulose","KCNMB2",-0.29801614956071,-0.828571428571429
"513","Isobar 4 includes Gluconic acid, DL-arabinose, D-ribose, L-xylose, DL-lyxose, D-xylulose","EGLN1",0.45764604150778,-0.542857142857143
"514","Isobar 4 includes Gluconic acid, DL-arabinose, D-ribose, L-xylose, DL-lyxose, D-xylulose","FAM220A",-0.415384615384615,0.942857142857143
"515","Isobar 4 includes Gluconic acid, DL-arabinose, D-ribose, L-xylose, DL-lyxose, D-xylulose","WDR26",-0.0505494505494506,0.828571428571429
"516","Isobar 4 includes Gluconic acid, DL-arabinose, D-ribose, L-xylose, DL-lyxose, D-xylulose","RASA3",0.38021978021978,-0.428571428571429
"517","Isobar 4 includes Gluconic acid, DL-arabinose, D-ribose, L-xylose, DL-lyxose, D-xylulose","UXS1",0.375824175824176,-0.771428571428571
"518","Isobar 4 includes Gluconic acid, DL-arabinose, D-ribose, L-xylose, DL-lyxose, D-xylulose","SEMA6A",0.0990099609031255,0.753702346348183
"519","Isobar 4 includes Gluconic acid, DL-arabinose, D-ribose, L-xylose, DL-lyxose, D-xylulose","RCSD1",0.182819826748162,-0.542857142857143
"520","Isobar 4 includes Gluconic acid, DL-arabinose, D-ribose, L-xylose, DL-lyxose, D-xylulose","PCDH18",-0.235683391109077,0.542857142857143
"521","Isobar 4 includes Gluconic acid, DL-arabinose, D-ribose, L-xylose, DL-lyxose, D-xylulose","TMEM55A",0.287912087912088,0.942857142857143
"522","Isobar 4 includes Gluconic acid, DL-arabinose, D-ribose, L-xylose, DL-lyxose, D-xylulose","BCR",0.0417582417582418,-1
"523","Isobar 4 includes Gluconic acid, DL-arabinose, D-ribose, L-xylose, DL-lyxose, D-xylulose","LYSMD2",0.213186813186813,-0.371428571428571
"524","Isobar 4 includes Gluconic acid, DL-arabinose, D-ribose, L-xylose, DL-lyxose, D-xylulose","ADAM12",-0.24422457022771,0.828571428571429
"525","Isobar 4 includes Gluconic acid, DL-arabinose, D-ribose, L-xylose, DL-lyxose, D-xylulose","GPC6",-0.38021978021978,0.6
"526","Isobar 4 includes Gluconic acid, DL-arabinose, D-ribose, L-xylose, DL-lyxose, D-xylulose","ZNF331",0.12967032967033,-0.714285714285714
"527","Isobar 4 includes Gluconic acid, DL-arabinose, D-ribose, L-xylose, DL-lyxose, D-xylulose","SOX2",-0.0902090754895143,0.885714285714286
"528","Isobar 4 includes Gluconic acid, DL-arabinose, D-ribose, L-xylose, DL-lyxose, D-xylulose","LOC90784",0.503296703296703,-0.371428571428571
"529","Isobar 4 includes Gluconic acid, DL-arabinose, D-ribose, L-xylose, DL-lyxose, D-xylulose","BVES",-0.507692307692308,0.6
"530","Isobar 4 includes Gluconic acid, DL-arabinose, D-ribose, L-xylose, DL-lyxose, D-xylulose","CDT1",0.459340659340659,-0.714285714285714
"531","Isobar 4 includes Gluconic acid, DL-arabinose, D-ribose, L-xylose, DL-lyxose, D-xylulose","CCDC125",-0.193619479099445,0.428571428571429
"532","Isobar 4 includes Gluconic acid, DL-arabinose, D-ribose, L-xylose, DL-lyxose, D-xylulose","KIF12",0.52967032967033,-0.371428571428571
"533","Isobar 4 includes Gluconic acid, DL-arabinose, D-ribose, L-xylose, DL-lyxose, D-xylulose","PRSS23",0.156043956043956,0.771428571428571
"534","Isobar 4 includes Gluconic acid, DL-arabinose, D-ribose, L-xylose, DL-lyxose, D-xylulose","CCDC184",-0.41804205714653,0.885714285714286
"535","Isobar 4 includes Gluconic acid, DL-arabinose, D-ribose, L-xylose, DL-lyxose, D-xylulose","CSTF3",0.336263736263736,-0.485714285714286
"536","Isobar 4 includes Gluconic acid, DL-arabinose, D-ribose, L-xylose, DL-lyxose, D-xylulose","MRPL2",0.441758241758242,-0.314285714285714
"537","Isobar 4 includes Gluconic acid, DL-arabinose, D-ribose, L-xylose, DL-lyxose, D-xylulose","EXT1",0.151648351648352,0.942857142857143
"538","Isobar 4 includes Gluconic acid, DL-arabinose, D-ribose, L-xylose, DL-lyxose, D-xylulose","TOX3",0.221978021978022,-0.828571428571429
"539","Isobar 4 includes Gluconic acid, DL-arabinose, D-ribose, L-xylose, DL-lyxose, D-xylulose","SORD",0.463736263736264,-0.542857142857143
"540","Isobar 4 includes Gluconic acid, DL-arabinose, D-ribose, L-xylose, DL-lyxose, D-xylulose","GALK2",0.112087912087912,-0.485714285714286
"541","Isobar 4 includes Gluconic acid, DL-arabinose, D-ribose, L-xylose, DL-lyxose, D-xylulose","LINC00487",0.107810846316737,-0.828571428571429
"542","Isobar 4 includes Gluconic acid, DL-arabinose, D-ribose, L-xylose, DL-lyxose, D-xylulose","HOXD8",-0.0901098901098901,0.6
"543","Isobar 4 includes Gluconic acid, DL-arabinose, D-ribose, L-xylose, DL-lyxose, D-xylulose","NPIPB3",0.120879120879121,-0.657142857142857
"544","Isobar 4 includes Gluconic acid, DL-arabinose, D-ribose, L-xylose, DL-lyxose, D-xylulose","FAXC",-0.237623906167501,0.617914380653325
"545","Isobar 4 includes Gluconic acid, DL-arabinose, D-ribose, L-xylose, DL-lyxose, D-xylulose","LOC202181",0.187018815039237,-0.314285714285714
"546","Isobar 4 includes Gluconic acid, DL-arabinose, D-ribose, L-xylose, DL-lyxose, D-xylulose","PPP6R3",-0.349835195191043,0.714285714285714
"547","Isobar 4 includes Gluconic acid, DL-arabinose, D-ribose, L-xylose, DL-lyxose, D-xylulose","ZNF461",-0.297029882709376,-0.828571428571429
"548","Isobar 4 includes Gluconic acid, DL-arabinose, D-ribose, L-xylose, DL-lyxose, D-xylulose","CEP85L",0.279120879120879,-0.828571428571429
"549","Isobar 4 includes Gluconic acid, DL-arabinose, D-ribose, L-xylose, DL-lyxose, D-xylulose","C6orf118",0.182417582417582,-0.714285714285714
"550","Isobar 4 includes Gluconic acid, DL-arabinose, D-ribose, L-xylose, DL-lyxose, D-xylulose","CDH26",0.441758241758242,-0.257142857142857
"551","Isobar 4 includes Gluconic acid, DL-arabinose, D-ribose, L-xylose, DL-lyxose, D-xylulose","EBF4",0.0417582417582418,0.771428571428571
"552","Isobar 4 includes Gluconic acid, DL-arabinose, D-ribose, L-xylose, DL-lyxose, D-xylulose","ASB2",0.441758241758242,-0.6
"553","Isobar 4 includes Gluconic acid, DL-arabinose, D-ribose, L-xylose, DL-lyxose, D-xylulose","FLYWCH1",-0.252747252747253,0.942857142857143
"554","Isobar 4 includes Gluconic acid, DL-arabinose, D-ribose, L-xylose, DL-lyxose, D-xylulose","NPSR1-AS1",-0.138461538461538,0.885714285714286
"555","Isobar 4 includes Gluconic acid, DL-arabinose, D-ribose, L-xylose, DL-lyxose, D-xylulose","EVC",-0.0506050911282641,0.6
"556","Isobar 4 includes Gluconic acid, DL-arabinose, D-ribose, L-xylose, DL-lyxose, D-xylulose","KRTAP4-11",-0.294829661355974,0.485714285714286
"557","Isobar 4 includes Gluconic acid, DL-arabinose, D-ribose, L-xylose, DL-lyxose, D-xylulose","SNTG1",-0.2,0.608759587435071
"558","Isobar 4 includes Gluconic acid, DL-arabinose, D-ribose, L-xylose, DL-lyxose, D-xylulose","CMTM8",0.0813186813186813,-0.485714285714286
"559","Isobar 4 includes Gluconic acid, DL-arabinose, D-ribose, L-xylose, DL-lyxose, D-xylulose","LOC100190986",0.2,-1
"560","Isobar 4 includes Gluconic acid, DL-arabinose, D-ribose, L-xylose, DL-lyxose, D-xylulose","PLXNC1",0.217582417582418,-0.6
"561","Isobar 4 includes Gluconic acid, DL-arabinose, D-ribose, L-xylose, DL-lyxose, D-xylulose","HAPLN4",-0.195604395604396,0.714285714285714
"562","Isobar 4 includes Gluconic acid, DL-arabinose, D-ribose, L-xylose, DL-lyxose, D-xylulose","VPS37D",-0.213186813186813,0.942857142857143
"563","Isobar 4 includes Gluconic acid, DL-arabinose, D-ribose, L-xylose, DL-lyxose, D-xylulose","HNRNPU",0.274725274725275,-0.371428571428571
"564","Isobar 4 includes Gluconic acid, DL-arabinose, D-ribose, L-xylose, DL-lyxose, D-xylulose","C22orf34",0.454945054945055,-0.485714285714286
"565","Isobar 4 includes Gluconic acid, DL-arabinose, D-ribose, L-xylose, DL-lyxose, D-xylulose","CREBBP",0.0153846153846154,-0.714285714285714
"566","Isobar 4 includes Gluconic acid, DL-arabinose, D-ribose, L-xylose, DL-lyxose, D-xylulose","SCFD2",0.191208791208791,-0.6
"567","Isobar 4 includes Gluconic acid, DL-arabinose, D-ribose, L-xylose, DL-lyxose, D-xylulose","ENPP5",-0.367436966018266,0.6
"568","Isobar 4 includes Gluconic acid, DL-arabinose, D-ribose, L-xylose, DL-lyxose, D-xylulose","SRSF3",0.0373626373626374,-0.885714285714286
"569","Isobar 4 includes Gluconic acid, DL-arabinose, D-ribose, L-xylose, DL-lyxose, D-xylulose","XRRA1",-0.391639400905696,1
"570","Isobar 4 includes Gluconic acid, DL-arabinose, D-ribose, L-xylose, DL-lyxose, D-xylulose","LOC100507201",0.347634973837641,-0.371428571428571
"571","Isobar 4 includes Gluconic acid, DL-arabinose, D-ribose, L-xylose, DL-lyxose, D-xylulose","SHE",0.103296703296703,0.753702346348183
"572","Isobar 4 includes Gluconic acid, DL-arabinose, D-ribose, L-xylose, DL-lyxose, D-xylulose","CLASP2",0.0945054945054945,-0.657142857142857
"573","Isobar 4 includes Gluconic acid, DL-arabinose, D-ribose, L-xylose, DL-lyxose, D-xylulose","ENDOV",0.112087912087912,0.927633657043918
"574","Isobar 4 includes Gluconic acid, DL-arabinose, D-ribose, L-xylose, DL-lyxose, D-xylulose","SPTSSB",-0.0638064192486809,0.657142857142857
"575","Isobar 4 includes Gluconic acid, DL-arabinose, D-ribose, L-xylose, DL-lyxose, D-xylulose","DOCK8",-0.116483516483516,-0.771428571428571
"576","Isobar 4 includes Gluconic acid, DL-arabinose, D-ribose, L-xylose, DL-lyxose, D-xylulose","COX7B",0.16043956043956,-0.885714285714286
"577","Isobar 4 includes Gluconic acid, DL-arabinose, D-ribose, L-xylose, DL-lyxose, D-xylulose","MIR15A",0.0241758241758242,-0.828571428571429
"578","Isobar 4 includes Gluconic acid, DL-arabinose, D-ribose, L-xylose, DL-lyxose, D-xylulose","THNSL2",0.0417582417582418,0.771428571428571
"579","Isobar 4 includes Gluconic acid, DL-arabinose, D-ribose, L-xylose, DL-lyxose, D-xylulose","TRMT10B",-0.151648351648352,-0.811679449913428
"580","Isobar 4 includes Gluconic acid, DL-arabinose, D-ribose, L-xylose, DL-lyxose, D-xylulose","ERGIC2",-0.0880088541361116,-0.942857142857143
"581","Isobar 4 includes Gluconic acid, DL-arabinose, D-ribose, L-xylose, DL-lyxose, D-xylulose","CARS",-0.208791208791209,0.485714285714286
"582","Isobar 4 includes Gluconic acid, DL-arabinose, D-ribose, L-xylose, DL-lyxose, D-xylulose","C6orf132",-0.0637362637362637,0.463816828521959
"583","Isobar 4 includes Gluconic acid, DL-arabinose, D-ribose, L-xylose, DL-lyxose, D-xylulose","GNB5",0.290749603985029,-0.542857142857143
"584","Isobar 4 includes Gluconic acid, DL-arabinose, D-ribose, L-xylose, DL-lyxose, D-xylulose","AKT3",0.032967032967033,-0.485714285714286
"585","Isobar 4 includes Gluconic acid, DL-arabinose, D-ribose, L-xylose, DL-lyxose, D-xylulose","ITGB8",0.0462046484214586,0.927633657043918
"586","Isobar 4 includes Gluconic acid, DL-arabinose, D-ribose, L-xylose, DL-lyxose, D-xylulose","FLJ16734",0.0725274725274725,0.657142857142857
"587","Isobar 4 includes Gluconic acid, DL-arabinose, D-ribose, L-xylose, DL-lyxose, D-xylulose","PATE2",-0.0725274725274725,0.6
"588","Isobar 4 includes Gluconic acid, DL-arabinose, D-ribose, L-xylose, DL-lyxose, D-xylulose","STK4",0.533040940639221,-0.771428571428571
"589","Isobar 4 includes Gluconic acid, DL-arabinose, D-ribose, L-xylose, DL-lyxose, D-xylulose","DENND4C",0.26652047031961,-0.428571428571429
"590","Isobar 4 includes Gluconic acid, DL-arabinose, D-ribose, L-xylose, DL-lyxose, D-xylulose","CCDC54",0.310231210829793,-0.942857142857143
"591","Isobar 4 includes Gluconic acid, DL-arabinose, D-ribose, L-xylose, DL-lyxose, D-xylulose","CHST3",0.125274725274725,-0.828571428571429
"592","Isobar 4 includes Gluconic acid, DL-arabinose, D-ribose, L-xylose, DL-lyxose, D-xylulose","KIAA0586",-0.18921903639264,-0.714285714285714
"593","Isobar 4 includes Gluconic acid, DL-arabinose, D-ribose, L-xylose, DL-lyxose, D-xylulose","KCTD13",-0.222222356693682,0.485714285714286
"594","Isobar 4 includes Gluconic acid, DL-arabinose, D-ribose, L-xylose, DL-lyxose, D-xylulose","DHFR",0.397802197802198,-0.6
"595","Isobar 4 includes Gluconic acid, DL-arabinose, D-ribose, L-xylose, DL-lyxose, D-xylulose","TRAPPC9",-0.362637362637363,0.6
"596","L-alpha-glycerophosphorylcholine","MPHOSPH6",0.683516483516484,-0.828571428571429
"597","L-alpha-glycerophosphorylcholine","DNAJB4",-0.613186813186813,0.885714285714286
"598","L-alpha-glycerophosphorylcholine","AATK",-0.564835164835165,0.942857142857143
"599","L-alpha-glycerophosphorylcholine","FOXG1",-0.391639400905696,0.885714285714286
"600","L-alpha-glycerophosphorylcholine","HMGN2",0.252747252747253,-1
"601","L-alpha-glycerophosphorylcholine","RNF11",-0.775824175824176,0.828571428571429
"602","L-alpha-glycerophosphorylcholine","EFEMP2",-0.475247812335002,1
"603","L-alpha-glycerophosphorylcholine","NOV",-0.296703296703297,0.985610760609162
"604","L-alpha-glycerophosphorylcholine","SHC1",-0.481318681318681,0.942857142857143
"605","L-alpha-glycerophosphorylcholine","ABCA12",0.451045377447572,-1
"606","L-alpha-glycerophosphorylcholine","GPAA1",-0.661538461538462,1
"607","L-alpha-glycerophosphorylcholine","ZPR1",-0.410989010989011,0.885714285714286
"608","L-alpha-glycerophosphorylcholine","GALNT7",0.630769230769231,-0.942857142857143
"609","L-alpha-glycerophosphorylcholine","ARRDC1-AS1",-0.674725274725275,0.942857142857143
"610","L-alpha-glycerophosphorylcholine","COQ3",0.353846153846154,-0.885714285714286
"611","L-alpha-glycerophosphorylcholine","NIPSNAP3A",0.692307692307692,-0.885714285714286
"612","L-alpha-glycerophosphorylcholine","ZNF672",0.556043956043956,-0.942857142857143
"613","L-alpha-glycerophosphorylcholine","PPID",0.683516483516484,-1
"614","L-alpha-glycerophosphorylcholine","LOC101927824",-0.257425898348126,1
"615","L-alpha-glycerophosphorylcholine","SORL1",0.371428571428571,-0.942857142857143
"616","L-alpha-glycerophosphorylcholine","ZNF530",0.297029882709376,-1
"617","L-alpha-glycerophosphorylcholine","SLC6A20",0.30989010989011,-0.942857142857143
"618","L-alpha-glycerophosphorylcholine","ENO3",-0.498901098901099,0.942857142857143
"619","L-alpha-glycerophosphorylcholine","CAND1",0.217582417582418,-1
"620","L-alpha-glycerophosphorylcholine","ZNF224",0.52202769806403,-0.885714285714286
"621","L-alpha-glycerophosphorylcholine","CTNS",-0.63956043956044,0.942857142857143
"622","L-alpha-glycerophosphorylcholine","PPP2R5B",-0.556043956043956,0.885714285714286
"623","L-beta-imidazolelactic acid","DNER",-0.790929464649422,0.94112394811432
"624","methionine","DND1",0.784615384615385,-0.885714285714286
"625","phenylalanine","SUZ12",0.784615384615385,-0.942857142857143
"626","phenylalanine","ACOT9",-0.841758241758242,0.828571428571429
"627","phenylalanine","SLC52A2",-0.740659340659341,0.885714285714286
"628","X-1288","CAV1",-0.459340659340659,0.845154254728517
"629","X-1288","OR5V1",-0.828571428571429,0.845154254728517
"630","X-1497","ATF3",-0.494505494505494,1
"631","X-1497","TBX19",-0.682068619554864,0.885714285714286
"632","X-1497","ACTR3B",-0.472527472527473,0.942857142857143
"633","X-1497","MRPL54",0.331868131868132,-1
"634","X-1497","EIF3H",0.441758241758242,-0.942857142857143
"635","X-1497","TGDS",0.635164835164835,-0.942857142857143
"636","X-1497","STK4",0.797358762443793,-0.942857142857143
"637","X-1597","DLG4",0.837362637362637,-0.927633657043918
"638","X-1597","CCDC71L",-0.516483516483516,1
"639","X-1616","TBX19",-0.798680351285212,0.885714285714286
"640","X-1616","CCDC71L",-0.745054945054945,0.714285714285714
"641","X-1677","POMZP3",-0.648351648351648,0.94112394811432
"642","X-1677","TAS2R10",0.749450549450549,-0.880406274042429
"643","X-1713","GMFB",0.595604395604396,-0.753702346348183
"644","X-1736 - retired - p-hydroxybenzaldehyde","ABCF1",-0.186813186813187,0.6
"645","X-1736 - retired - p-hydroxybenzaldehyde","CYC1",-0.424175824175824,0.771428571428571
"646","X-1736 - retired - p-hydroxybenzaldehyde","SGK1",-0.243956043956044,0.885714285714286
"647","X-1736 - retired - p-hydroxybenzaldehyde","USO1",-0.41978021978022,0.828571428571429
"648","X-1736 - retired - p-hydroxybenzaldehyde","COPS3",-0.182417582417582,-0.771428571428571
"649","X-1736 - retired - p-hydroxybenzaldehyde","EIF2B2",0.120879120879121,-0.942857142857143
"650","X-1736 - retired - p-hydroxybenzaldehyde","CTCF",0.23956043956044,-0.942857142857143
"651","X-1736 - retired - p-hydroxybenzaldehyde","MCRS1",-0.134065934065934,-0.771428571428571
"652","X-1736 - retired - p-hydroxybenzaldehyde","TOPBP1",0.0637362637362637,-0.942857142857143
"653","X-1736 - retired - p-hydroxybenzaldehyde","FBLN5",0.375824175824176,-0.771428571428571
"654","X-1736 - retired - p-hydroxybenzaldehyde","CRELD1",0.0813186813186813,0.942857142857143
"655","X-1736 - retired - p-hydroxybenzaldehyde","TG",-0.213186813186813,0.828571428571429
"656","X-1736 - retired - p-hydroxybenzaldehyde","SYT1",0.125274725274725,-0.542857142857143
"657","X-1736 - retired - p-hydroxybenzaldehyde","ZP3",-0.371428571428571,0.714285714285714
"658","X-1736 - retired - p-hydroxybenzaldehyde","IMPDH1",-0.134065934065934,0.771428571428571
"659","X-1736 - retired - p-hydroxybenzaldehyde","SLC16A2",-0.0901098901098901,0.771428571428571
"660","X-1736 - retired - p-hydroxybenzaldehyde","PIK3C2B",0.120879120879121,-0.811679449913428
"661","X-1736 - retired - p-hydroxybenzaldehyde","MYL5",-0.353846153846154,0.942857142857143
"662","X-1736 - retired - p-hydroxybenzaldehyde","HCAR3",0.0021978021978022,-0.885714285714286
"663","X-1736 - retired - p-hydroxybenzaldehyde","CRLF3",-0.0901098901098901,-0.885714285714286
"664","X-1736 - retired - p-hydroxybenzaldehyde","PCBP3",0.195604395604396,-0.6
"665","X-1736 - retired - p-hydroxybenzaldehyde","GPA33",-0.0440044270680558,-1
"666","X-1736 - retired - p-hydroxybenzaldehyde","MAPK12",-0.652747252747253,0.657142857142857
"667","X-1736 - retired - p-hydroxybenzaldehyde","B4GALNT1",-0.432967032967033,0.942857142857143
"668","X-1736 - retired - p-hydroxybenzaldehyde","CHRNA5",0.0153846153846154,-0.942857142857143
"669","X-1736 - retired - p-hydroxybenzaldehyde","CCDC106",-0.52967032967033,0.885714285714286
"670","X-1736 - retired - p-hydroxybenzaldehyde","SLC10A1",0.0769230769230769,0.637748139217693
"671","X-1736 - retired - p-hydroxybenzaldehyde","DEFA4",0.182417582417582,-0.828571428571429
"672","X-1736 - retired - p-hydroxybenzaldehyde","ZNF304",0.010989010989011,-0.828571428571429
"673","X-1736 - retired - p-hydroxybenzaldehyde","FOXB1",0.0286978514391794,-0.6
"674","X-1736 - retired - p-hydroxybenzaldehyde","C1S",-0.0462046484214586,0.811679449913428
"675","X-1736 - retired - p-hydroxybenzaldehyde","SF3B4",-0.103296703296703,-0.828571428571429
"676","X-1736 - retired - p-hydroxybenzaldehyde","AP1S1",-0.217582417582418,0.885714285714286
"677","X-1736 - retired - p-hydroxybenzaldehyde","MYL1",0.318681318681319,0.942857142857143
"678","X-1736 - retired - p-hydroxybenzaldehyde","ARC",-0.120879120879121,0.782690898130805
"679","X-1736 - retired - p-hydroxybenzaldehyde","RB1",0.396039843612502,-0.942857142857143
"680","X-1736 - retired - p-hydroxybenzaldehyde","CHRNA3",0.041804205714653,-0.927633657043918
"681","X-1736 - retired - p-hydroxybenzaldehyde","PIK3R1",0.083608411429306,-1
"682","X-1736 - retired - p-hydroxybenzaldehyde","TMEM41B",0.178021978021978,0.942857142857143
"683","X-1736 - retired - p-hydroxybenzaldehyde","DAAM2",0.27032967032967,-0.828571428571429
"684","X-1736 - retired - p-hydroxybenzaldehyde","PIKFYVE",0.613186813186813,-0.6
"685","X-1736 - retired - p-hydroxybenzaldehyde","BICD2",0.296703296703297,-0.942857142857143
"686","X-1736 - retired - p-hydroxybenzaldehyde","FTL",0.125274725274725,0.714285714285714
"687","X-1736 - retired - p-hydroxybenzaldehyde","VAMP1",0.103296703296703,-0.885714285714286
"688","X-1736 - retired - p-hydroxybenzaldehyde","LIPE",0.00659340659340659,0.714285714285714
"689","X-1736 - retired - p-hydroxybenzaldehyde","SMARCA5",0.230769230769231,-0.485714285714286
"690","X-1736 - retired - p-hydroxybenzaldehyde","PDS5A",0.103410403609931,-0.942857142857143
"691","X-1736 - retired - p-hydroxybenzaldehyde","TDRD3",-0.032967032967033,-0.6
"692","X-1736 - retired - p-hydroxybenzaldehyde","GRM5",0.0769230769230769,-0.657142857142857
"693","X-1736 - retired - p-hydroxybenzaldehyde","SEPT6",-0.336263736263736,-0.885714285714286
"694","X-1736 - retired - p-hydroxybenzaldehyde","CLDN9",0.12967032967033,0.942857142857143
"695","X-1736 - retired - p-hydroxybenzaldehyde","YWHAZ",-0.0857142857142857,-0.828571428571429
"696","X-1736 - retired - p-hydroxybenzaldehyde","FMO6P",0.107692307692308,-0.657142857142857
"697","X-1736 - retired - p-hydroxybenzaldehyde","ANO3",0.264026562408335,0.942857142857143
"698","X-1736 - retired - p-hydroxybenzaldehyde","LINC01136",-0.0990099609031255,-0.942857142857143
"699","X-1736 - retired - p-hydroxybenzaldehyde","TFR2",0.283516483516484,0.942857142857143
"700","X-1736 - retired - p-hydroxybenzaldehyde","B3GALT4",0.0924092968429171,0.771428571428571
"701","X-1736 - retired - p-hydroxybenzaldehyde","AFF2",0.468131868131868,-0.885714285714286
"702","X-1736 - retired - p-hydroxybenzaldehyde","HNF1A",-0.0396039843612502,-0.942857142857143
"703","X-1736 - retired - p-hydroxybenzaldehyde","MCF2",-0.466446926921391,0.771428571428571
"704","X-1736 - retired - p-hydroxybenzaldehyde","ARHGEF15",-0.178021978021978,0.942857142857143
"705","X-1736 - retired - p-hydroxybenzaldehyde","TYMS",0.0813186813186813,-0.942857142857143
"706","X-1736 - retired - p-hydroxybenzaldehyde","ITPK1",0.145214609324584,0.782690898130805
"707","X-1736 - retired - p-hydroxybenzaldehyde","GSTK1",-0.287912087912088,0.942857142857143
"708","X-1736 - retired - p-hydroxybenzaldehyde","AAR2",-0.116483516483516,-0.942857142857143
"709","X-1736 - retired - p-hydroxybenzaldehyde","RMND5B",-0.204395604395604,0.828571428571429
"710","X-1736 - retired - p-hydroxybenzaldehyde","LHPP",0.248351648351648,-0.942857142857143
"711","X-1736 - retired - p-hydroxybenzaldehyde","MRPS17",-0.265934065934066,0.657142857142857
"712","X-1736 - retired - p-hydroxybenzaldehyde","FAM206A",-0.112087912087912,0.828571428571429
"713","X-1736 - retired - p-hydroxybenzaldehyde","ELOVL4",-0.0549450549450549,-0.617914380653325
"714","X-1736 - retired - p-hydroxybenzaldehyde","PRR7",-0.301098901098901,0.885714285714286
"715","X-1736 - retired - p-hydroxybenzaldehyde","UCP3",0.626373626373626,-0.771428571428571
"716","X-1736 - retired - p-hydroxybenzaldehyde","TMC7",0.00440044270680558,0.828571428571429
"717","X-1736 - retired - p-hydroxybenzaldehyde","PIGZ",0.250825234287918,0.942857142857143
"718","X-1736 - retired - p-hydroxybenzaldehyde","LRRC37A",0.010989010989011,-0.828571428571429
"719","X-1736 - retired - p-hydroxybenzaldehyde","PRPF39",-0.151648351648352,-0.828571428571429
"720","X-1736 - retired - p-hydroxybenzaldehyde","TM4SF20",0.472527472527473,-0.885714285714286
"721","X-1736 - retired - p-hydroxybenzaldehyde","SNORA5B",-0.147252747252747,0.485714285714286
"722","X-1736 - retired - p-hydroxybenzaldehyde","PRO2964",0.0197802197802198,0.550782483869826
"723","X-1736 - retired - p-hydroxybenzaldehyde","RUNX1-IT1",-0.134065934065934,-0.828571428571429
"724","X-1736 - retired - p-hydroxybenzaldehyde","CHRNA9",0.230769230769231,-0.942857142857143
"725","X-1736 - retired - p-hydroxybenzaldehyde","ZNF155",-0.00659340659340659,-0.828571428571429
"726","X-1736 - retired - p-hydroxybenzaldehyde","SHTN1",0.287912087912088,0.942857142857143
"727","X-1736 - retired - p-hydroxybenzaldehyde","ADAMTS1",-0.158415937445001,-0.971008312455224
"728","X-1736 - retired - p-hydroxybenzaldehyde","IPPK",-0.277227890528751,0.428571428571429
"729","X-1736 - retired - p-hydroxybenzaldehyde","PDZD4",-0.483448420398485,0.771428571428571
"730","X-1736 - retired - p-hydroxybenzaldehyde","RASD2",0.186813186813187,0.942857142857143
"731","X-1736 - retired - p-hydroxybenzaldehyde","FGFRL1",-0.0616061978952781,0.657142857142857
"732","X-1736 - retired - p-hydroxybenzaldehyde","NAPSA",-0.156043956043956,0.771428571428571
"733","X-1736 - retired - p-hydroxybenzaldehyde","IGF2BP2",-0.441758241758242,0.771428571428571
"734","X-1736 - retired - p-hydroxybenzaldehyde","SUFU",0.0241758241758242,0.6
"735","X-1736 - retired - p-hydroxybenzaldehyde","VAV3",-0.169230769230769,-0.942857142857143
"736","X-1736 - retired - p-hydroxybenzaldehyde","GPAT3",0.125274725274725,0.942857142857143
"737","X-1736 - retired - p-hydroxybenzaldehyde","NT5C1A",-0.142857142857143,0.942857142857143
"738","X-1736 - retired - p-hydroxybenzaldehyde","GPR61",0.0989010989010989,0.714285714285714
"739","X-1736 - retired - p-hydroxybenzaldehyde","MGAT4B",0.116483516483516,0.657142857142857
"740","X-1736 - retired - p-hydroxybenzaldehyde","TMEM248",0.0857142857142857,0.714285714285714
"741","X-1736 - retired - p-hydroxybenzaldehyde","RAB24",0.0681318681318681,0.942857142857143
"742","X-1736 - retired - p-hydroxybenzaldehyde","SRXN1",0.252747252747253,0.885714285714286
"743","X-1736 - retired - p-hydroxybenzaldehyde","TMEM87B",0.138461538461538,0.828571428571429
"744","X-1736 - retired - p-hydroxybenzaldehyde","PLEKHG1",0.389010989010989,-0.714285714285714
"745","X-1736 - retired - p-hydroxybenzaldehyde","CDS1",0.349450549450549,0.942857142857143
"746","X-1736 - retired - p-hydroxybenzaldehyde","LINC00493",-0.010989010989011,-1
"747","X-1736 - retired - p-hydroxybenzaldehyde","NBEA",0.336263736263736,-0.828571428571429
"748","X-1736 - retired - p-hydroxybenzaldehyde","TMEM192",0.103296703296703,0.885714285714286
"749","X-1736 - retired - p-hydroxybenzaldehyde","MBTPS2",0.318681318681319,1
"750","X-1736 - retired - p-hydroxybenzaldehyde","MORN2",0.173626373626374,1
"751","X-1736 - retired - p-hydroxybenzaldehyde","HEYL",-0.123212395790556,0.942857142857143
"752","X-1736 - retired - p-hydroxybenzaldehyde","ADAMTS12",-0.305494505494505,0.371428571428571
"753","X-1736 - retired - p-hydroxybenzaldehyde","PHF21A",-0.0725274725274725,0.6
"754","X-1736 - retired - p-hydroxybenzaldehyde","HAPLN3",-0.428571428571429,0.542857142857143
"755","X-1736 - retired - p-hydroxybenzaldehyde","CITED2",-0.519252239403058,0.6
"756","X-1736 - retired - p-hydroxybenzaldehyde","KHSRP",0.0373626373626374,0.714285714285714
"757","X-1736 - retired - p-hydroxybenzaldehyde","TUBGCP4",0.358241758241758,-0.485714285714286
"758","X-1736 - retired - p-hydroxybenzaldehyde","UBE2H",-0.398679381221896,0.819688599970537
"759","X-1736 - retired - p-hydroxybenzaldehyde","CAPN12",0.0902090754895143,0.942857142857143
"760","X-1736 - retired - p-hydroxybenzaldehyde","ATXN2L",-0.0704070833088892,0.942857142857143
"761","X-1736 - retired - p-hydroxybenzaldehyde","KBTBD3",-0.142857142857143,0.6
"762","X-1736 - retired - p-hydroxybenzaldehyde","SMARCA2",0.0945054945054945,0.828571428571429
"763","X-1736 - retired - p-hydroxybenzaldehyde","WDR60",-0.387238958198891,0.828571428571429
"764","X-1736 - retired - p-hydroxybenzaldehyde","SMYD4",-0.0945054945054945,-0.828571428571429
"765","X-1736 - retired - p-hydroxybenzaldehyde","PRTG",0.138461538461538,0.828571428571429
"766","X-1736 - retired - p-hydroxybenzaldehyde","DEFB123",0.0572057551884725,-0.657142857142857
"767","X-1736 - retired - p-hydroxybenzaldehyde","CYHR1",-0.415384615384615,0.885714285714286
"768","X-1736 - retired - p-hydroxybenzaldehyde","PRCD",0.0417582417582418,-0.550782483869826
"769","X-1736 - retired - p-hydroxybenzaldehyde","SCUBE3",-0.368657014641767,0.714285714285714
"770","X-1736 - retired - p-hydroxybenzaldehyde","BAG5",0.178021978021978,-0.942857142857143
"771","X-1736 - retired - p-hydroxybenzaldehyde","CREM",-0.112087912087912,0.828571428571429
"772","X-1736 - retired - p-hydroxybenzaldehyde","MLYCD",-0.371428571428571,0.542857142857143
"773","X-1736 - retired - p-hydroxybenzaldehyde","TSPAN12",-0.134065934065934,0.985610760609162
"774","X-1736 - retired - p-hydroxybenzaldehyde","RTN4RL1",-0.301098901098901,0.771428571428571
"775","X-1736 - retired - p-hydroxybenzaldehyde","SLC16A6",0.283516483516484,-1
"776","X-1736 - retired - p-hydroxybenzaldehyde","NWD2",-0.316831874890002,0.942857142857143
"777","X-1736 - retired - p-hydroxybenzaldehyde","PCSK4",-0.252747252747253,0.942857142857143
"778","X-1736 - retired - p-hydroxybenzaldehyde","GPRC5C",0.257142857142857,0.828571428571429
"779","X-1736 - retired - p-hydroxybenzaldehyde","DNAJB13",0.032967032967033,0.828571428571429
"780","X-1736 - retired - p-hydroxybenzaldehyde","LPP-AS2",-0.112087912087912,0.927633657043918
"781","X-1736 - retired - p-hydroxybenzaldehyde","SPATA4",0.0285714285714286,0.885714285714286
"782","X-1736 - retired - p-hydroxybenzaldehyde","CMTM1",-0.264317821804572,-0.942857142857143
"783","X-1736 - retired - p-hydroxybenzaldehyde","LOC101929709",0.0462046484214586,0.942857142857143
"784","X-1736 - retired - p-hydroxybenzaldehyde","LINC01015",0.0593406593406593,0.927633657043918
"785","X-1736 - retired - p-hydroxybenzaldehyde","ASCL5",0.164835164835165,0.828571428571429
"786","X-1736 - retired - p-hydroxybenzaldehyde","GBGT1",-0.389010989010989,0.828571428571429
"787","X-1736 - retired - p-hydroxybenzaldehyde","FAM26E",0.0637362637362637,0.714285714285714
"788","X-1736 - retired - p-hydroxybenzaldehyde","PSMD6",0.301098901098901,-0.885714285714286
"789","X-1736 - retired - p-hydroxybenzaldehyde","KIAA1614-AS1",-0.142857142857143,0.485714285714286
"790","X-1736 - retired - p-hydroxybenzaldehyde","FBXO11",-0.411441393086321,0.6
"791","X-1736 - retired - p-hydroxybenzaldehyde","NOXA1",-0.103296703296703,0.828571428571429
"792","X-1736 - retired - p-hydroxybenzaldehyde","LOC101927272",0.0373626373626374,0.828571428571429
"793","X-1736 - retired - p-hydroxybenzaldehyde","KIAA1683",-0.30803098947639,0.828571428571429
"794","X-1736 - retired - p-hydroxybenzaldehyde","ZDHHC13",0.454945054945055,-0.714285714285714
"795","X-1736 - retired - p-hydroxybenzaldehyde","CUL4A",0.0769230769230769,-0.942857142857143
"796","X-1736 - retired - p-hydroxybenzaldehyde","JHDM1D-AS1",-0.0857142857142857,0.771428571428571
"797","X-1736 - retired - p-hydroxybenzaldehyde","ZFP92",-0.246424791581112,0.942857142857143
"798","X-1736 - retired - p-hydroxybenzaldehyde","DNAI1",-0.0945054945054945,0.485714285714286
"799","X-1736 - retired - p-hydroxybenzaldehyde","PRR5L",-0.12967032967033,0.6
"800","X-1736 - retired - p-hydroxybenzaldehyde","NFIB",0.23956043956044,0.84066800169605
"801","X-1736 - retired - p-hydroxybenzaldehyde","SPEF2",-0.410989010989011,0.771428571428571
"802","X-1736 - retired - p-hydroxybenzaldehyde","TOR4A",0.12967032967033,0.828571428571429
"803","X-1736 - retired - p-hydroxybenzaldehyde","STYXL1",0.178021978021978,1
"804","X-1736 - retired - p-hydroxybenzaldehyde","TNS3",-0.0902090754895143,0.898645105261295
"805","X-1736 - retired - p-hydroxybenzaldehyde","GABRR3",0.23956043956044,0.898645105261295
"806","X-1736 - retired - p-hydroxybenzaldehyde","LOC100996255",0.345434752484238,-0.485714285714286
"807","X-1736 - retired - p-hydroxybenzaldehyde","OR51B2",0.112087912087912,0.771428571428571
"808","X-1736 - retired - p-hydroxybenzaldehyde","ELOVL3",-0.125274725274725,1
"809","X-1736 - retired - p-hydroxybenzaldehyde","PCDHB18P",-0.35801651383117,0.6
"810","X-1736 - retired - p-hydroxybenzaldehyde","SLC37A1",0.101210182256528,0.771428571428571
"811","X-1736 - retired - p-hydroxybenzaldehyde","GPHN",-0.0945054945054945,-1
"812","X-1736 - retired - p-hydroxybenzaldehyde","ITPKB",-0.235164835164835,-0.942857142857143
"813","X-1736 - retired - p-hydroxybenzaldehyde","LMNTD2",0.0153846153846154,0.942857142857143
"814","X-1736 - retired - p-hydroxybenzaldehyde","LOC153546",0.428571428571429,1
"815","X-1736 - retired - p-hydroxybenzaldehyde","FAM71F1",-0.16043956043956,0.771428571428571
"816","X-1736 - retired - p-hydroxybenzaldehyde","SPG20",-0.2,0.885714285714286
"817","X-1736 - retired - p-hydroxybenzaldehyde","PMS1",0.0769230769230769,-0.828571428571429
"818","X-1736 - retired - p-hydroxybenzaldehyde","CCDC18",-0.208791208791209,-0.885714285714286
"819","X-1736 - retired - p-hydroxybenzaldehyde","LYG1",-0.0241758241758242,-0.6
"820","X-1736 - retired - p-hydroxybenzaldehyde","ID2-AS1",0.221978021978022,0.885714285714286
"821","X-1736 - retired - p-hydroxybenzaldehyde","ECT2",-0.0549450549450549,-0.714285714285714
"822","X-1736 - retired - p-hydroxybenzaldehyde","ENKUR",-0.296703296703297,0.942857142857143
"823","X-1736 - retired - p-hydroxybenzaldehyde","LOC100507277",0.481318681318681,-0.6
"824","X-1736 - retired - p-hydroxybenzaldehyde","PPP2R2A",-0.367032967032967,0.771428571428571
"825","X-1736 - retired - p-hydroxybenzaldehyde","HAL",-0.173626373626374,0.828571428571429
"826","X-1736 - retired - p-hydroxybenzaldehyde","AGTRAP",0.173626373626374,0.828571428571429
"827","X-1736 - retired - p-hydroxybenzaldehyde","ADPRH",-0.120879120879121,0.942857142857143
"828","X-1736 - retired - p-hydroxybenzaldehyde","EPHA7",0.0021978021978022,0.942857142857143
"829","X-1736 - retired - p-hydroxybenzaldehyde","FUT11",-0.182417582417582,0.885714285714286
"830","X-1736 - retired - p-hydroxybenzaldehyde","CCL28",0.534065934065934,-0.811679449913428
"831","X-1736 - retired - p-hydroxybenzaldehyde","KCNK9",-0.00659340659340659,0.811679449913428
"832","X-1736 - retired - p-hydroxybenzaldehyde","LOC644794",-0.187018815039237,0.942857142857143
"833","X-1736 - retired - p-hydroxybenzaldehyde","AGAP3",-0.323076923076923,0.6
"834","X-1736 - retired - p-hydroxybenzaldehyde","AGO1",-0.248351648351648,0.828571428571429
"835","X-1736 - retired - p-hydroxybenzaldehyde","LOC730961",-0.498901098901099,0.771428571428571
"836","X-1736 - retired - p-hydroxybenzaldehyde","SLX4",0.0220022135340279,0.657142857142857
"837","X-1736 - retired - p-hydroxybenzaldehyde","DZIP1L",-0.384615384615385,0.885714285714286
"838","X-1736 - retired - p-hydroxybenzaldehyde","LOC101927841",-0.569230769230769,0.428571428571429
"839","X-1736 - retired - p-hydroxybenzaldehyde","PRR32",0.0176017708272223,1
"840","X-1736 - retired - p-hydroxybenzaldehyde","FAM3C",0.0198019921806251,0.714285714285714
"841","X-1736 - retired - p-hydroxybenzaldehyde","RHOBTB3",-0.279120879120879,1
"842","X-1736 - retired - p-hydroxybenzaldehyde","HS3ST5",-0.305494505494505,0.771428571428571
"843","X-1736 - retired - p-hydroxybenzaldehyde","PLXDC1",-0.138461538461538,0.6
"844","X-1736 - retired - p-hydroxybenzaldehyde","YWHAEP7",0.0901098901098901,-0.550782483869826
"845","X-1736 - retired - p-hydroxybenzaldehyde","C11orf70",-0.0901098901098901,0.657142857142857
"846","X-1736 - retired - p-hydroxybenzaldehyde","SEC14L3",0.375824175824176,-0.771428571428571
"847","X-1736 - retired - p-hydroxybenzaldehyde","GAB3",-0.193833069323353,0.898645105261295
"848","X-1736 - retired - p-hydroxybenzaldehyde","TRIM58",-0.283516483516484,0.942857142857143
"849","X-1736 - retired - p-hydroxybenzaldehyde","QKI",-0.125274725274725,0.828571428571429
"850","X-1736 - retired - p-hydroxybenzaldehyde","XBP1",-0.0285714285714286,-0.942857142857143
"851","X-1736 - retired - p-hydroxybenzaldehyde","CHSY3",0.0813186813186813,0.828571428571429
"852","X-1736 - retired - p-hydroxybenzaldehyde","HECTD1",0.296703296703297,-0.542857142857143
"853","X-1736 - retired - p-hydroxybenzaldehyde","UBE2U",-0.265934065934066,0.828571428571429
"854","X-1736 - retired - p-hydroxybenzaldehyde","ICE2",0.252747252747253,-0.942857142857143
"855","X-1736 - retired - p-hydroxybenzaldehyde","PDE1A",0.0901098901098901,0.885714285714286
"856","X-1736 - retired - p-hydroxybenzaldehyde","C11orf30",0.0902090754895143,-0.942857142857143
"857","X-1736 - retired - p-hydroxybenzaldehyde","DLEU2",-0.00659340659340659,-0.885714285714286
"858","X-1736 - retired - p-hydroxybenzaldehyde","RDH12",-0.23956043956044,0.714285714285714
"859","X-1736 - retired - p-hydroxybenzaldehyde","XIST",0.243956043956044,-0.371428571428571
"860","X-1736 - retired - p-hydroxybenzaldehyde","TTC27",-0.010989010989011,-0.885714285714286
"861","X-1736 - retired - p-hydroxybenzaldehyde","DIS3L2",0.432967032967033,-0.885714285714286
"862","X-1736 - retired - p-hydroxybenzaldehyde","ROS1",-0.206820807219862,1
"863","X-1736 - retired - p-hydroxybenzaldehyde","SPRED1",-0.0241758241758242,0.942857142857143
"864","X-1736 - retired - p-hydroxybenzaldehyde","NCK1",0.402197802197802,-0.828571428571429
"865","X-1736 - retired - p-hydroxybenzaldehyde","LSM14B",0.0373626373626374,0.542857142857143
"866","X-1736 - retired - p-hydroxybenzaldehyde","LINC00610",-0.492849583162225,0.885714285714286
"867","X-1736 - retired - p-hydroxybenzaldehyde","C16orf52",0,0.942857142857143
"868","X-1736 - retired - p-hydroxybenzaldehyde","CAPZB",0.116483516483516,-0.771428571428571
"869","X-1736 - retired - p-hydroxybenzaldehyde","ZNF337",0.00659340659340659,-0.714285714285714
"870","X-1736 - retired - p-hydroxybenzaldehyde","MMP24",-0.450549450549451,0.828571428571429
"871","X-1736 - retired - p-hydroxybenzaldehyde","COL8A2",-0.178021978021978,0.6
"872","X-1736 - retired - p-hydroxybenzaldehyde","CALHM2",-0.0813186813186813,-0.771428571428571
"873","X-1736 - retired - p-hydroxybenzaldehyde","DND1",0.52967032967033,-1
"874","X-1736 - retired - p-hydroxybenzaldehyde","IFT74",0.151648351648352,0.885714285714286
"875","X-1736 - retired - p-hydroxybenzaldehyde","CALML4",-0.0549450549450549,-0.828571428571429
"876","X-1736 - retired - p-hydroxybenzaldehyde","EXOSC4",-0.454945054945055,0.714285714285714
"877","X-2041","CC2D1A",-0.846153846153846,0.771428571428571
"878","X-2136","RCSD1",0.577578493437768,-0.654653670707977
"879","X-2269","BLMH",0.37841150388458,-0.654653670707977
"880","X-2269","ANKRD6",0.447213595499958,-0.654653670707977
"881","X-2269","PXN",-0.447213595499958,0.654653670707977
"882","X-2269","ATRN",0.447213595499958,-0.654653670707977
"883","X-2269","GNAL",-0.309609412269202,0.654653670707977
"884","X-2269","ZNF468",0.447213595499958,-0.654653670707977
"885","X-2269","BTG3",-0.309609412269202,0.654653670707977
"886","X-2269","ZNF432",0.447213595499958,-0.664211164155072
"887","X-2269","ZBTB32",-0.448199734724939,0.654653670707977
"888","X-2269","KANK2",-0.309609412269202,0.654653670707977
"889","X-2269","CLEC4A",-0.447705850569725,0.664211164155072
"890","X-2269","PSMG3",-0.447213595499958,0.654653670707977
"891","X-2269","ENPP1",-0.447705850569725,0.674199862463242
"892","X-2269","ZNF83",0.447213595499958,-0.654653670707977
"893","X-2269","ZNF770",0.447213595499958,-0.654653670707977
"894","X-2690","TBC1D10A",0.622412307503161,-0.542857142857143
"895","X-2698","FMNL2",-0.732279606264344,0.637748139217693
"896","X-2724","MCM3",0.412851758748699,-0.880406274042429
"897","X-2724","SLC9A2",-0.455666015211527,0.880406274042429
"898","X-2724","PLEKHM2",-0.382270146989536,0.94112394811432
"899","X-2724","TUBB",0.529061883433518,-0.94112394811432
"900","X-2724","ZNHIT3",0.516829238729853,-0.880406274042429
"901","X-2724","CEP85L",0.259943699952884,-0.880406274042429
"902","X-2724","FLJ12825",-0.0458724176387443,0.880406274042429
"903","X-2724","ADGRF1",0.571876139896346,-0.880406274042429
"904","X-2724","MALRD1",-0.664351433265271,0.880406274042429
"905","X-2746","COPS3",0.327472527472527,-0.885714285714286
"906","X-2746","CRABP2",-0.608791208791209,1
"907","X-2746","CRELD1",-0.362637362637363,0.885714285714286
"908","X-2746","BUB1B",0.292307692307692,-1
"909","X-2746","GSTTP1",0.0132305023617891,1
"910","X-2746","IL15RA",-0.2,0.828571428571429
"911","X-2746","EXOSC10",0.648351648351648,-1
"912","X-2746","PRSS16",-0.736263736263736,0.942857142857143
"913","X-2746","EIF2S2",-0.0637362637362637,-1
"914","X-2746","TAF5",0.305494505494505,-0.942857142857143
"915","X-2746","KCNK2",0.30989010989011,1
"916","X-2746","CRTC1",-0.191208791208791,0.942857142857143
"917","X-2746","SAP30",0.345054945054945,-0.885714285714286
"918","X-2746","HAND1",-0.030803098947639,-0.942857142857143
"919","X-2746","NMRK2",-0.4730475909816,0.942857142857143
"920","X-2746","TMEM40",-0.70989010989011,0.771428571428571
"921","X-2746","LAMTOR4",-0.0989010989010989,1
"922","X-2746","MFSD3",-0.841758241758242,0.828571428571429
"923","X-2746","TMEM63A",-0.358241758241758,0.942857142857143
"924","X-2746","NUDT17",-0.586813186813187,0.942857142857143
"925","X-2746","SERTAD4-AS1",-0.305494505494505,1
"926","X-2746","LINC01102",-0.340659340659341,1
"927","X-2746","AEBP2",-0.0857142857142857,-1
"928","X-2746","HAL",-0.147252747252747,0.942857142857143
"929","X-2757","COL6A3",-0.151815273384792,0.94112394811432
"930","X-2757","NSF",-0.12967032967033,-0.94112394811432
"931","X-2757","PCOLCE",-0.591208791208791,0.94112394811432
"932","X-2757","REEP2",-0.468131868131868,0.94112394811432
"933","X-2757","ITIH3",-0.138461538461538,0.954863710632231
"934","X-2757","HPGDS",0.107692307692308,-0.94112394811432
"935","X-2757","ATG13",0.27032967032967,-0.94112394811432
"936","X-2757","CCL19",-0.164835164835165,-0.94112394811432
"937","X-2757","SPAG1",0.0373626373626374,0.94112394811432
"938","X-2757","MTX1",0.358241758241758,0.94112394811432
"939","X-2757","PLCB2",0.030803098947639,-0.94112394811432
"940","X-2757","ABLIM1",0.538461538461538,-0.94112394811432
"941","X-2757","DLG4",0.296703296703297,-0.924061655450546
"942","X-2757","POMZP3",-0.762637362637363,0.94112394811432
"943","X-2757","ESR2",-0.0638064192486809,0.880406274042429
"944","X-2757","GRIN1",-0.454945054945055,0.880406274042429
"945","X-2757","EVI2B",-0.0285714285714286,-0.880406274042429
"946","X-2757","LOC101060275",0.459340659340659,-0.94112394811432
"947","X-2757","SCRIB",-0.661538461538462,0.94112394811432
"948","X-2757","MAP3K9",0.138461538461538,-0.880406274042429
"949","X-2757","BFAR",-0.138461538461538,-0.94112394811432
"950","X-2757","NKAIN1",0.687912087912088,-0.880406274042429
"951","X-2757","CCDC7",-0.0813186813186813,-0.94112394811432
"952","X-2757","ITM2C",-0.287912087912088,-0.880406274042429
"953","X-2757","OR10C1",-0.173626373626374,-0.758970925898645
"954","X-2757","OR7E156P",-0.156043956043956,-0.880406274042429
"955","X-2757","FGF19",0.107692307692308,0.94112394811432
"956","X-2757","MS4A7",0.321232317596807,-0.880406274042429
"957","X-2757","DEF8",-0.0989010989010989,0.880406274042429
"958","X-2757","AGO2",0.0417582417582418,0.94112394811432
"959","X-2757","SYTL1",0.138461538461538,-0.94112394811432
"960","X-2757","ARHGEF25",-0.679120879120879,0.880406274042429
"961","X-2757","RP9P",-0.169230769230769,0.758970925898645
"962","X-2757","C19orf12",0.283516483516484,0.94112394811432
"963","X-2757","DYM",0.0769230769230769,-0.880406274042429
"964","X-2757","EMILIN3",0.56043956043956,-0.698253251826754
"965","X-2757","POLRMT",0.617582417582418,-0.880406274042429
"966","X-2757","SLCO3A1",0.345054945054945,-0.94112394811432
"967","X-2757","EPHB2",0.0901098901098901,-0.758970925898645
"968","X-2757","ERF",0.376237851431877,-0.880406274042429
"969","X-2757","ENTPD2",0.101210182256528,0.880406274042429
"970","X-2757","TEX38",-0.367032967032967,0.880406274042429
"971","X-2757","ABCA17P",-0.498901098901099,0.954863710632231
"972","X-2757","SPATA42",0.400882029736934,-0.924061655450546
"973","X-2757","RIMS1",0.292307692307692,-0.758970925898645
"974","X-2757","NAAA",0.327472527472527,0.880406274042429
"975","X-2757","GRHL3",0.424175824175824,0.94112394811432
"976","X-2757","OR2A4",0.0681318681318681,-0.880406274042429
"977","X-2757","FAM184B",0.406593406593407,-0.880406274042429
"978","X-2757","TMEM168",0.231023242107293,0.880406274042429
"979","X-2757","NHSL1",-0.0021978021978022,0.94112394811432
"980","X-2757","USP45",0.0725274725274725,0.94112394811432
"981","X-2757","LOC284933",0.195604395604396,-0.94112394811432
"982","X-2757","LOC102723661",0.103296703296703,-0.758970925898645
"983","X-2757","PRKD3",0.617582417582418,-0.94112394811432
"984","X-2757","RIT1",0.358241758241758,0.94112394811432
"985","X-3129","TBX3",-0.736263736263736,0.811679449913428
"986","X-3183 - possible gamma-L-glutamyl-L-phenylalanine","PROM1",0.447213595499958,-0.664211164155072
"987","X-3183 - possible gamma-L-glutamyl-L-phenylalanine","KIR2DL4",-0.447213595499958,0.654653670707977
"988","X-3358","FAM53B",0.125274725274725,-0.657142857142857
"989","X-3439","PCOLCE",-0.463736263736264,0.94112394811432
"990","X-3439","CNN1",-0.701098901098901,0.637535577754862
"991","X-3439","POMZP3",-0.714285714285714,0.94112394811432
"992","X-3439","POLRMT",0.723076923076923,-0.880406274042429
"993","X-3498","SNX7",-0.621947501875658,0.654653670707977
"994","X-3498","DNER",-0.650111162337952,0.654653670707977
"995","X-3778","RAB3GAP1",0.523652682109864,-0.485714285714286
"996","X-3778","B3GALT5",-0.242024348874307,0.811679449913428
"997","X-3808","ZPBP",-0.608574074007341,0.579771035652448
"998","X-4116","BVES",-0.715826370083305,0.845154254728517
"999","X-4116","ASB2",0.668886935979481,-0.845154254728517
"1000","X-4231","BVES",-0.776847634418275,0.57681790368297
"1001","X-4432","C1orf106",-0.590225106951844,0.845154254728517
"1002","X-4667","CPXM2",-0.292307692307692,0.257142857142857
"1003","X-5147","KIAA0020",-0.83244444419147,0.845154254728517
"1004","X-5147","PRMT1",-0.750480683532617,0.845154254728517
"1005","X-5187","PAICS",0.360836301958057,-0.942857142857143
"1006","X-5187","HEPACAM2",-0.607929515418502,0.828571428571429
"1007","taurine","CEPT1",0.627668233940867,-0.942857142857143
"1008","taurine","UBE2U",-0.462492382903796,0.885714285714286
"1009","uridine","TNK1",-0.749450549450549,0.885714285714286
